[O+]#[C][W-5]([Cl])([Cl])([Cl])([C]#[O+])([C]#[O+])[C]#[O+]	embed-failed	0
C[N+](C)(C)[Mn-2]([I])([I])[I]	native	1
CC1=CC=C(C)[N]1[W+2]([O-])([C-]1C2CC3CC(C2)CC1C3)[N]1C(C)=CC=C1C	native	1
NC(=[NH2+])C1=C(N)N[N+]([Cu-4]([Cl])([Cl])([Cl])([Cl])[N+]2=NC(C(N)=[NH2+])=C(N)N2)=N1	native	2
C[S+](C)(=O)[Pd-2]([Br])([Br])[Br]	embed-grip	16
C[B-]12[H+][Zr-8]345678([H+]1)([H+]2)([H+][B-](C)([H+]3)[H+]4)([H+][B-](C)([H+]5)[H+]6)[H+][B-](C)([H+]7)[H+]8	embed-failed	0
[F][W-]([F])([F])([F])([F])([F])[N+]1=CC=CC=C1	native	2
CC(C)CC[S+](CCC(C)C)[Pd-2]([Cl])([Cl])[S+](CCC(C)C)CCC(C)C	native	1
C[C](=O)[Ir-3]([I])([I])([I])([C]#[O+])[C]#[O+]	embed-grip	16
CN1C=C[N+]([Cu-3]([Br])([N+]2=CN(C)C=C2)([N+]2=CN(C)C=C2)[N+]2=CN(C)C=C2)=C1	native	3
C[O][Mo]([CH3])([CH3])([CH3])([CH3])[O]C	native	2
C[P](C)(C)[Rh]([Cl])([B]1OC2=CC=CC=C2O1)([B]1OC2=CC=CC=C2O1)([P](C)(C)C)[P](C)(C)C	native	3
CC1=CC(C)=CC([N](C(C)(C)C)[Mo]([Cl])([N](C2=CC(C)=CC(C)=C2)C(C)(C)C)[N](C2=CC(C)=CC(C)=C2)C(C)(C)C)=C1	native	1
C[N+]12CC[N+]([Cu-3]([Cl])([Cl])([Cl])[N+]34CC[N+](C)(CC3)CC4)(CC1)CC2	native	4
CCNC(NCC)=[S+][Co-2]([Cl])([Cl])[S+]=C(NCC)NCC	native	1
C[P+](C)(C)[Ta-3]([Cl])([Cl])([Cl])([Cl])([P+](C)(C)C)[P+](C)(C)C	native	3
F[C](F)(F)[Hg][C](F)(F)F	native	1
FC1=NC(F)=C(F)[C]([PdH-2]([P+](C2CCCCC2)(C2CCCCC2)C2CCCCC2)[P+](C2CCCCC2)(C2CCCCC2)C2CCCCC2)=C1F	native	1
O=[N][Fe-]([Cl])([N]=O)[P+](C1=CC=CC=C1)(C1=CC=CC=C1)C1=CC=CC=C1	native	1
C[N](C)[Ta+]([N-]C(C)(C)C)([N](C)C)[N](C)C	native	1
FC1=C(F)C(F)=[C]([Zn-]([C]2=C(F)C(F)=C(F)C(F)=C2F)[C]2=C(F)C(F)=C(F)C(F)=C2F)C(F)=C1F	native	1
[CH3][Pt]123([S]C4=C(F)C(F)=CC(F)=C4F)[C]4=[C]1CC[C]2=[C]3CC4	native	3
CC1=CC=CC=C1[N-][Nb+]([O]C1=C(C(C)(C)C)C=CC=C1C(C)(C)C)([N](C)C)[N](C)C	native	1
C[S+](C)[Cu-3]([Cl])([S+](C)C)[S+](C)C	native	1
[Cl][Rh-7]123456<-[C+](=[C+]1)CC[P+]2(CC[C+]->3=[C+]4)CC[C+]->5=[C+]6	embed-grip	16
CC[P+](CC)(CC)[Pt-2]([Br])([C]1=C(F)C(F)=C(C=CC2=CC=NC=C2)C(F)=C1F)[P+](CC)(CC)CC	native	1
CN(C)P(=[O+][Mn-2]([Cl])([Cl])[O+]=P(N(C)C)(N(C)C)N(C)C)(N(C)C)N(C)C	native	1
[O+]#[C][Re-6]12([C]#[O+])([C]#[O+])[Te+](I)(I)I([Te+]1(I)I)[Te+]2(I)I	embed-failed	0
CC1=CC=C2C3=CC=C(C)C=[N+]3[Ni-4]([OH2+])([OH2+])([OH2+])([Cl])[N+]2=C1	native	2
[CH3][Ni-2]1([CH3])[NH2+]CC2=CC=CC=[N+]21	embed-grip	16
[Cl][Hg-2]([Cl])[S]C1=[N+]N(C2=CC=CC=C2)[N+](C2=CC=CC=C2)=N1	native	1
CC1=CC=C(C(=O)[CH]([P+](C2=CC=CC=C2)(C2=CC=CC=C2)C2=CC=CC=C2)[Hg-2]([Br])([Br])[O+]=S(C)C)C=C1	native	1
[O+]#[C][Re-5]1([Br])([C]#[O+])([C]#[O+])[N+]2=CC=CC=C2N2C=NC=[N+]21	embed-failed	0
[Br][Ni-2]12[N]3C=CC=C3C=[N+]1CC1=CC=CC=[N+]12	embed-grip	16
CN1C(Cl)=C(Cl)N(C)[C+]1[Au-][Cl]	embed-grip	16
[O+]#[C][Mn-5]1([Br])([C]#[O+])([C]#[O+])[N+](CCO)=CC2=CC=CC=[N+]21	embed-failed	0
C[CH2][Au-]([CH3])([CH2]C)[P+](C1=CC=CC=C1)(C1=CC=CC=C1)C1=CC=CC=C1	native	2
CC1=CC(C)=[N+](C)[Ir-5]234(<-[C+]5=[C+]->2CC[C+]->3=[C+]->4CC5)[O]1	embed-grip	16
[Cl][Mo-3]1([Cl])([Cl])([Cl])[N+]2=CC=CC=C2C2=CC=CC=[N+]21	embed-grip	16
CC[S+]1CC[NH+]2CC[S+](CC)[Rh-3]21[C]#[O+]	embed-grip	16
[O+]#[C][Ir-3]1([C]#[O+])[N+]2=CC=CN2CN2C=CC=[N+]21	embed-grip	16
[Br][Pd-2]1([Br])[C+]2NC=CC=C2C[S+]1C1=CC=CC=C1	embed-grip	16
[I][Ni-2]([I])([N+]1=CC=CC=C1)[N+]1=CC=CC=C1	native	1
[O+]#[C][Pd-2]([Br])([Br])[Br]	embed-grip	14
[Br][Hg-4]1([Br])[O][N+]2=CC=CC=C2C2=CC=CC=[N+]2[O]1	embed-grip	16
C[N+]1(C)CC[N+](C)(C)[Zn-2]1([Cl])[CH](C1=CC=CC=C1)[Si](C)(C)C	native	1
C[N](C)[Zr-]([N](C)C)([N](C)C)([Si](C1=CC=CC=C1)(C1=CC=CC=C1)C(C)(C)C)[Si](C1=CC=CC=C1)(C1=CC=CC=C1)C(C)(C)C	native	2
CC#[N+][W-5]1([Br])([Br])([C]#[O+])(<-[C+]#[C+]->1)[N+]#CC	embed-failed	0
[O-][Re+]1([O-])([O-])([Cl])[N+]2=CC=CC3=CC=C4C=CC=[N+]1C4=C32	embed-grip	16
[NH3+][Co-3]1([NH3+])([NH3+])([NH3+])[O]P(=O)(O)CP(=O)(O)[O]1	embed-failed	0
C[P+](C)(C)[W-]([Cl])([Cl])([Cl])([N-]C1=CC=CC=C1)[P+](C)(C)C	native	3
CC(C)C1COC2=[N+]1[Ir-6]134([C+]=[C+]1)([C+]=[C+]3)[N+]1=C(C=CC=C21)C1=[N+]4C(C(C)C)CO1	native	2
CC1=CC2=C([O][Co-3]([Cl])([P+](C)(C)C)([P+](C)(C)C)([P+](C)(C)C)[C]2=O)C(C(C)(C)C)=C1	native	4
S=C=[N][Os-3]([N]=C=S)([N]=C=S)([N+]1=CC=CC=C1)([N+]1=CC=CC=C1)[N+]1=CC=CC=C1	embed-grip	16
C[N+]12CC[N+]3(C)CC[N+](C)(CC1)[Y-3]23([CH3])([CH3])[CH3]	embed-grip	16
CC(C)(C)[N-][V]([I])([N-]C(C)(C)C)([P+](C)(C)C)[P+](C)(C)C	native	14
CN1C=CN2CN3C=CN(C)[C+]3[Pt-2]([CH3])([CH3])[C+]12	embed-grip	16
O=C1C[N]2C(=O)C[NH2+][Cr-3]234([NH2+]CC(=O)[N]3CC(=O)[O]4)[O]1	embed-grip	16
CC1=CC=C2C=CC3=C4C2=[N+]1[IrH-3]([Si](C)(O[Si](C)(C)C)O[Si](C)(C)C)([Si](C)(O[Si](C)(C)C)O[Si](C)(C)C)([P+](OC1=CC=CC=C1)(OC1=CC=CC=C1)OC1=CC=CC=C1)[N+]4=C(C)C=C3	embed-failed	0
CCCCP(=[C+][Mo+]([O-])([O-])([C]1=C(C)C=C(C)C=C1C)[C]1=C(C)C=C(C)C=C1C)(CCCC)CCCC	native	10
C[N+]1(C)CC[N+](C)(C)[Nb-2]12([Cl])([Cl])([N-]N1CCCCC1)[NH2+][N+]21CCCCC1	native	1
[Cl][Mn-5]1234([Cl])[NH+]5CC[NH+]1CC[NH+]2CC[NH+]3CC[NH+]4CC5	embed-grip	16
CO[P](=O)(OC)[Os-]12345([I])([P](=O)(OC)OC)[C]6=[C]1[C]2=[C]3[C]4=[C]65	native	2
CC1=NC=CC2=[N+]1[Ni-3]([OH2+])([Cl])([Cl])[N+]1=C(C)N=CC=C21	embed-grip	16
C[P+]1(C)CC[P+](C)(C)[Fe-4]12([Cl])([Cl])[P+](C)(C)CC[P+]2(C)C	embed-grip	16
CN1C2=CC=CC=C2C=[N+]1[Ru-3]([Cl])([Cl])([Cl])([Cl])[C]#[O+]	embed-grip	16
CO[P](O)(OC)[Os]12345([I])([P](=O)(OC)OC)[C]6=[C]1[C]2=[C]3[C]4=[C]65	native	8
CC1=[N+]2CC[NH2+][Cr-3]2([Cl])([Cl])[N+]2=CC=NC=C12	embed-grip	16
COC1=[O+][Cd-5]2([OH2+])([OH2+])([OH2+])([NH2+]N1)[NH2+]NC(OC)=[O+]2	embed-failed	0
[Cl][Mo-]1([Cl])([Cl])([O+]2CCCC2)[N][S]=N[S]=[N]1	embed-grip	16
CC1=CC=CC=[N+]1[O][Ta-3]1([F])([F])([F])([F])[O][O]1	native	8
CC1=[N+]([O])[Rh-4]23([I])([I])[N+](O)=C(C)C(C)=[N+]2CCC[N+]3=C1C	embed-grip	16
[O-][Cl+3]([O-])([O-])[O][Cd-5]1234([OH2+])[S+]5CC[S+]1CC[S+]2CC[S+]3CC[S+]4CC5	embed-grip	16
O=C(O)C1=CC=[N+]2C(=C1)C1=CC(C(=O)O)=CC=[N+]1[Os-4]2([Br])([Br])([C]#[O+])[C]#[O+]	embed-grip	16
[Cl][Pt-2]([Cl])([PH+]1C2CCCC1CCC2)[PH+]1C2CCCC1CCC2	native	2
[Te]1[Te][Te][Zn-2]2([Te]1)[Te][Te][Te][Te]2	native	1
[OH2+][Mn-4]([OH2+])([Cl])([Cl])([N+]12CN3CN(CP(C3)C1)C2)[N+]12CN3CN(CP(C3)C1)C2	native	6
O=C1C=C2C(=O)[O][Ni-4]3([OH2+])([OH2+])([NH2+]CCC[NH2+]3)[N]2C(=O)N1	embed-grip	16
[Cl][Co-3]1234[NH2+]CC[S+]1CC[S+]2CC[S+]3CC[NH2+]4	embed-grip	16
O=C1[O][Fe-4]2([OH2+])([OH2+])([O]C(=O)C3=CN=CC=[N+]32)[N+]2=CC=NC=C12	native	4
C[P+](C)(C)[Co-4]1([P+](C)(C)C)([P+](C)(C)C)[CH2][CH2]1	native	1
O=C1[O][Rh-3]([Cl])([N+]2=CC=CC=C2)([N+]2=CC=CC=C2)([N+]2=CC=CC=C2)[O]C1=O	embed-grip	16
CC(C)[P+](C(C)C)(C(C)C)[Re-4]1([Cl])([Cl])([N]=O)([P+](C(C)C)(C(C)C)C(C)C)[C+]=[C+]1	native	2
O=C(NCCC[N]1C(=O)C2=CC=CC=[N+]2[Au-]1([Cl])[Cl])C1=CC=CC=N1	embed-grip	16
C[Si](C)(C)[N]([Si](C)(C)C)[Sc]1([N]([Si](C)(C)C)[Si](C)(C)C)[CH2][Si](C)(C)[N]1[Si](C)(C)C	native	1
CC1=C(F)C(F)=[C]([Cu-]([C](F)(F)F)([C](F)(F)F)[C](F)(F)F)C(F)=C1F	native	1
C[N+]1(C)CC2=CC=CC=[C]2[Au-]12[O]C(=O)C(CC(=O)O)[S]2	embed-grip	16
F[C](F)(F)[Cu-]([N+]1=CC=CC=C1)([C](F)(F)F)[C](F)(F)F	native	1
[N]12=CC=NC=C1C(C=NC=C3)=[N]3[Ru+2]24([N]5=CC=NC=C5C6=[N]4C=CN=C6)([N]7=CC=NC=C78)[N]9=C8C=NC=C9	embed-grip	16
C[S]1(=O)[CH2][Pd-]([NH3+])([I])[CH2]1	embed-grip	16
C[S+]1C[Si]2(C)C[S+](C)[Cr-6]1([C]#[O+])([C]#[O+])([C]#[O+])[S+](C)C2	embed-failed	0
CC(C)(C)N1C=CN2C3=CC=CC=[N+]3[Ru-2]([Cl])([Cl])([Cl])([N]=O)[C+]21	embed-grip	16
[Cl][Rh-5]123([Cl])<-[C+]4=[C+]->1CC[C+]->2=[C+]->3CC4	native	2
O=C1CC[NH2+][Pt-3]2([Cl])([C+]=[C+]2)[O]1	native	4
O=C1[O][Ti-3]23([F])([F])([O][O]2)[O]C(=O)C2=[N+]3C1=CC=C2	native	10
CN(C)[P]([O][Mo]1([O-])([C]#N)([C]#N)([C]#N)[O][O]1)(N(C)C)N(C)C	embed-failed	0
N#[C][Cd-6]12345([C]#N)[O+]6CC[O+]1CC[O+]2CC[O+]3CC[O+]4CC[O+]5CC6	embed-failed	0
[Cl][Pd-2]123([Cl])[NH+]4CCC[NH+]1CC[NH+]2CCC[NH+]3CC4	embed-grip	16
CC1=CC=[N+]([Ag-][N+]2=C(C)C=C(C)N=C2N)C(N)=N1	native	1
[O-]C1=[O+][Co-3]234([O+]=C(O)C1)[NH+]1CC[NH+]2CC[NH+]3CC[NH+]4CC1	embed-grip	16
CC(C)[P+]1(C(C)C)CC[N+](C)(C)[Ni-2]1([F])[C]1=NC(F)=C(F)C=C1F	embed-grip	16
CO[P]1(OC)[S][Co-]2([Cl])(<-[S-]1)[S]P(OC)(OC)=[S+]2	embed-grip	16
C[P+]1(C)CC[P+](C)(C)[Fe-4]123([S]CC[S]2)[P+](C)(C)CC[P+]3(C)C	embed-grip	16
N#[C][Fe-4]1([C]#N)([C]#N)([C]#N)[NH+]=C2C=CC=CC2=[NH+]1	embed-failed	0
C1=C[C]2[S][Re-3]34([O+]=C2C=C1)([O+]=C1C=CC=C[C]1[S]3)[O+]=C1C=CC=C[C]1[S]4	embed-grip	16
C[N+]12CC[NH+](CC1)[Rh-5]2134<-[C+]2=[C+]->1CC[C+]->3=[C+]->4CC2	embed-failed	0
CC1=CC(C)=NN1CN1N=[N+]([W-6]([C]#[O+])([C]#[O+])([C]#[O+])([C]#[O+])[C]#[O+])C2=CC=CC=C21	embed-grip	16
[F][W-2]([F])([F])([F])([F])([F])([N+]1=CC=CC=C1)[N+]1=CC=CC=C1	native	6
C[P+]1(C)C2=CC=CC=C2[P+](C)(C)[Ni-3]12([Cl])([Cl])[P+](C)(C)C1=CC=CC=C1[P+]2(C)C	embed-grip	16
O=C1C2=CC=CC=[N+]2[Rh-3]2([OH2+])([Cl])([N]1C1=CC=C(Cl)C=C1)[N](C1=CC=C(Cl)C=C1)C(=O)C1=CC=CC=[N+]12	embed-grip	16
C1C[S+]2CC[S+]3CC[S+]1[Pd-4]2314[S+]2CC[S+]1CC[S+]4CC2	embed-grip	16
[CH3][Sn]([CH3])([CH3])[Ir]123456([C]7=[C]1C1CC7[C]2=[C]13)[C]1=[C]4C2CC1[C]5=[C]26	embed-failed	0
CC(C)(C)C1=CC(C(C)(C)C)=[C]([Hg][C]2=C(C(C)(C)C)C=C(C(C)(C)C)C=C2C(C)(C)C)C(C(C)(C)C)=C1	native	1
CC1=NNC2=[S+][Fe-4]3([OH2+])([OH2+])([NH2+]N12)[NH2+]N1C(C)=NNC1=[S+]3	embed-grip	16
CC(C)(C)O[Si](OC(C)(C)C)(OC(C)(C)C)[O][W+]([O-])([O][Si](OC(C)(C)C)(OC(C)(C)C)OC(C)(C)C)([O][Si](OC(C)(C)C)(OC(C)(C)C)OC(C)(C)C)[O][Si](OC(C)(C)C)(OC(C)(C)C)OC(C)(C)C	native	3
CCO[P+](OCC)(OCC)[W-7]1([C]#[O+])([C]#[O+])([C]#[O+])(<-[C+](C(=O)OC)=[C+]->1C(=O)OC)[P+](OC)(OC)OC	embed-grip	16
O=C1[O][Ir-3]2([Cl])([Cl])([O]C1=O)[O]C(=O)C(=O)[O]2	embed-grip	16
CC(C)[P+]1(C(C)C)CC[P+](C(C)C)(C(C)C)[Ni-2]1([CH3])[F]	embed-grip	16
CC[P+](CC)(CC)[Hg-2]([Cl])([Cl])[P+](CC)(CC)CC	native	1
[O+]#[C][Fe-5]([C]#[O+])([C]#[O+])([C]#[O+])[S+]1CCCSC1	embed-failed	0
NC1=NC=CC=[N+]1[Cd-4]([OH2+])([OH2+])([OH2+])([OH2+])[N+]1=CC=CN=C1N	native	1
CC1=CC(C)=NC2=[N+]([Cd-4]([OH2+])([OH2+])([N]=C=S)([N]=C=S)[N+]3=C4N=C(C)C=C(C)N4N=C3)C=NN12	native	6
[F][W-2]([F])([F])([F])([F])([N+]1=CC=CC=C1)[N+]1=CC=CC=C1	native	4
[Cl][Au-][C](=C1C2=CC=CC=C2C2=CC=CC=C21)[P+](C1=CC=CC=C1)(C1=CC=CC=C1)C1=CC=CC=C1	embed-grip	16
CC1=[N+]2CC[N+]34CC[NH2+][Fe-3]23([NH2+]CC4)[S]C1(C)C	embed-grip	16
C[P+](C)(C)[IrH2-3]([Si](C1=CC=CC=C1)(C1=CC=CC=C1)C1=CC=CC=C1)([P+](C)(C)C)[P+](C)(C)C	embed-grip	16
C[S+](C)(=O)[Ru-7]12345([Cl])([Cl])<-[C+]6(C[NH3+])[C+]1[C+]2[C+]3[C+]4[C+]65	embed-grip	4
O=[N+]1[O][Cd-6]23([OH2+])([N+]45CC[NH+](CC4)CC5)([O]1)([O][N+](=O)[O]2)[O][N+](=O)[O]3	embed-grip	16
[F][Ta-3]([F])([F])([F])([F])([F])([F])[F]	native	1
N#[N+][Ru-4]12([N]=[N+]=[N-])([NH2+]CC[NH2+]1)[NH2+]CC[NH2+]2	embed-failed	0
O=C1C[N+]23CC[N+]45CC(=O)[O][Hf-5]2467([OH2+])([O]1)([O]C(=O)C5)[O]C(=O)C[N+]6(CC3)CC(=O)[O]7	embed-failed	0
CC[S+](CC)[Pt-2]([Cl])([Cl])[S+](CC)CC	native	2
NC1=[NH+][Ag-]23[NH+]=C(N)NC(N)=[N+]2CC[N+]3=C(N)N1	embed-grip	16
CC[P+](CC)(CC)[Mo-4]1([C]#[O+])([C]#[O+])([P+](CC)(CC)CC)[O]C2=C(Cl)C(Cl)=C(Cl)C(Cl)=C2[O]1	embed-grip	16
C1=CC=C([P+](C2=CC=CC=C2)(C2=CC=CC=C2)[TcH3-4]([P+](C2=CC=CC=C2)(C2=CC=CC=C2)C2=CC=CC=C2)([P+](C2=CC=CC=C2)(C2=CC=CC=C2)C2=CC=CC=C2)[P+](C2=CC=CC=C2)(C2=CC=CC=C2)C2=CC=CC=C2)C=C1	embed-failed	0
O=C1C2=CC=CC=C2S(=O)(=O)[N]1[Zn-4]([OH2+])([OH2+])([OH2+])([OH2+])[N]1C(=O)C2=CC=CC=C2S1(=O)=O	native	2
C[P+](C)(C1=CC=CC=C1)[Ir-3]([Cl])([Cl])([Cl])([P+](C)(C)C1=CC=CC=C1)[P+](C)(C)C1=CC=CC=C1	native	1
[O-][Mo+]1([O-])([O-])[S]C2=C(Cl)C=CC(Cl)=C2[S]1	native	1
O=[N][Re-2]([Br])([Br])([Br])([N+]1=CC=CN1)[As+](C1=CC=CC=C1)(C1=CC=CC=C1)C1=CC=CC=C1	native	4
C[S+](C)(=O)[Ru-3]([Cl])([Cl])([Cl])([Cl])[S+](C)(C)=O	embed-grip	16
C[OH+][V-2]([O-])([Cl])([Cl])([OH+]C)[OH+]C	native	3
C[N](C)[Ta]1([N](C)C)([N](C)C)[CH2][Si](C)(C)[N]1[Si](C)(C)C	embed-grip	16
N#[C][Re-2]([OH2+])([C]#N)([C]#N)([C]#N)[N]=O	embed-failed	0
C1=C[C+]23->[Cr-12]456789%10%11%12(<-[C+]2(C=C1)[C+]4[C+]5[C+]6[C+]37)[C+]1[C+]8[C+]9[C+]%10[C+]%11[C+]1%12	embed-failed	0
CC(=O)N1CN2CN(C(C)=O)C[P+]([W-6]([C]#[O+])([C]#[O+])([C]#[O+])([C]#[O+])[C]#[O+])(C2)C1	embed-grip	16
CC(C)(C)OC[CH2][TaH]([O][Si](C(C)(C)C)(C(C)(C)C)C(C)(C)C)([O][Si](C(C)(C)C)(C(C)(C)C)C(C)(C)C)[O][Si](C(C)(C)C)(C(C)(C)C)C(C)(C)C	native	4
[O+]#[C+]->[Mo-8]123456(<-[C+]#[O+])(<-[C+]#[O+])<-[C+]7=[C+]->1[C+]->2=[C+]->3[CH]4[C+]->5=[C+]->67	embed-failed	0
O=[N+]([O-])[O][Cd-4]([O][N+](=O)[O-])([S+]=C1CCCCCN1)([S+]=C1CCCCCN1)([S+]=C1CCCCCN1)[S+]=C1CCCCCN1	native	2
C1=CC=C2[O][Ni-2]34[O]C5=CC=CC=C5C=[N+]3CC[N+]4=CC2=C1	embed-grip	16
[Cl][Ir-8]123456(<-[C+](=[C+]1)[C+]->2=[C+]3)<-[C+](=[C+]4)[C+]->5=[C+]6	embed-grip	2
C[S+]1CC2(C)C[S+](C)[Mn-5]1([C]#[O+])([C]#[O+])([C]#[O+])[S+](C)C2	embed-failed	0
[I][Cd-6]12345([I])[NH+]6CC[O+]1CC[O+]2CC[NH+]3CC[O+]4CC[O+]5CC6	embed-failed	0
C[N+]1(C)[BH-]2[H+][Y-10]3456789([O+]%10CCCC%10)([H+]2)([H+][BH-]1[H+]3)([H+][BH-]([H+]4)[N+](C)(C)[BH-]([H+]5)[H+]6)[H+][BH-]([H+]7)[N+](C)(C)[BH-]([H+]8)[H+]9	embed-failed	0
[O+]#[C][Cr-6]12([C]#[O+])([C]#[O+])[NH2+]CC[NH+]1CC[NH2+]2	embed-failed	0
CC1=CC(C)=C(N2C=CN(C3=C(C)C=C(C)C=C3C)[C+]2[Ir-3]([C]#[O+])([C]#[O+])[O][Si](C)(C)C)C(C)=C1	embed-grip	16
C[N+]1=CC=CC=C1N=C1C2=CC=CC=C2C(=NC2=CC=CC=[N+]2C)[N]1[Cu-2]([I])[I]	embed-grip	16
[O+]#[C][IrH-3]([OH2+])([Cl])([P+](C1=CC=CC=C1)(C1=CC=CC=C1)C1=CC=CC=C1)[P+](C1=CC=CC=C1)(C1=CC=CC=C1)C1=CC=CC=C1	embed-grip	16
[O+]#[C][W-4]1234([C]#[O+])([Se][As]5[Se][As]1[As]2[Se]5)[Se][As]1[Se][As]3[As]4[Se]1	embed-failed	0
[OH2+][Y-6]123456([Cl])[OH+]CC[O+]1CC[O+]2CC[O+]3CC[O+]4CC[O+]5CC[OH+]6	embed-failed	0
CCOP(=S)(N[NH2+][Ni-4]([Br])([Br])([NH2+]NP(=S)(OCC)OCC)([NH2+]NP(=S)(OCC)OCC)[NH2+]NP(=S)(OCC)OCC)OCC	embed-grip	2
CN=[NH+][W-4]([C]#[O+])([C]#[O+])([N]=O)([P+](C1=CC=CC=C1)(C1=CC=CC=C1)C1=CC=CC=C1)[P+](C1=CC=CC=C1)(C1=CC=CC=C1)C1=CC=CC=C1	embed-grip	16
C[P+](C)(C)[Mo-10]123456(<-[C+](=[C+]1)[C+]->2=[C+]3)(<-[C+](=[C+]4)[C+]->5=[C+]6)[P+](C)(C)C	embed-grip	16
[Br][Ru-7]123456([Br])<-[C+]7(CN8C9=CC=CC=C9N(CC9CCC9)[C+]81)[C+]2[C+]3[C+]4[C+]5[C+]76	embed-failed	0
CN(C)C1=CC=C([N+]2=NC3=CC=CC=[N+]3[Os-7]234567([Cl])<-[C+]2(C8=CC=CC=C8)[C+]3[C+]4[C+]5[C+]6[C+]27)C=C1	embed-grip	16
O=C1[O][Cr-3]23([O]C1=O)([O]C(=O)C(=O)[O]2)[O]C(=O)C(=O)[O]3	native	1
CC(C)[C+]12->[Ru-7]34567([I])(<-[C+](C)([C+]3[C+]14)[C+]5[C+]26)[O]C1=C2C(=C(Br)C=C1Br)C=CC=[N+]27	embed-grip	16
CC1=CC2=[N+](N1C)[Mn-2]1([Cl])([Cl])([N]3N=C(C)C=C23)[N]2N=C(C)C=C2C2=[N+]1N(C)C(C)=C2	embed-grip	16
[O+]#[C][Ru-4]([C]#[O+])([S]C1=NC2=CC=CC=C2S1)([S]C1=NC2=CC=CC=C2S1)([N+]1=CC=CC=C1)[N+]1=CC=CC=C1	embed-grip	16
[N-2][Ru+]12([O]C3=CC=CC=C3[O]1)[O]C1=CC=CC=C1[O]2	embed-grip	16
O=[N][Fe-3]12([OH2+])([OH2+])[O]C(=O)C[NH+]1CC(=O)[O]2	native	1
CCCC1=C(CCC)C(CCC)=C2C[C+]34->[Fe-8]56789%10%11([P]([C+]->5(CCC)[C+]->63CC2=C1CCC)[C+]->74CCC)[P]1[C+]->8(CCC)[C+]->92CC3=C(CCC)C(CCC)=C(CCC)C(CCC)=C3C[C+]->%102[C+]->%111CCC	embed-failed	0
[O-]C1=CC=C[N+]2=C1C1=C(O)C=CC=[N+]1[Os-4]213([N+]2=CC=CC=C2C2=CC=CC=[N+]21)[N+]1=CC=CC=C1C1=CC=CC=[N+]13	embed-grip	16
FC1=CC=[C]([Au-]([Cl])([Cl])[P+](C2CCCCC2)(C2CCCCC2)C2CCCCC2)C=C1	native	2
[Cl][Ni-2]([Cl])([PH+](C1CCCCC1)C1CCCCC1)[PH+](C1CCCCC1)C1CCCCC1	native	1
O=C(O)C1CC2=C[NH+]=C[N]2[Pd-2]23[NH2+]CC(=O)[N]2CC(=O)[N]13	embed-grip	16
CC#[N+][W-5]([Br])([Br])([C]#[O+])([C]#[O+])([C]#[O+])[N+]#CC	embed-failed	0
C[P+](C)(C)[Ru-6]1([P+](C)(C)C)([P+](C)(C)C)([P+](C)(C)C)[C+]=[C+]1	native	1
C[P+]1(C)CC[P+](C)(C)[TaH2-4]12([Cl])([Cl])[P+](C)(C)CC[P+]2(C)C	embed-failed	0
N#CC1=C(C#N)[N]2C(=N1)C1=NC(C#N)=C(C#N)[N]1[Ir-6]2134(<-[C+]2=[C+]->1CC[C+]->3=[C+]->4CC2)[P+](C1=CC=CC=C1)(C1=CC=CC=C1)C1=CC=CC=C1	embed-grip	16
CCCCN1C=CN(C2=CC=C(Br)C=C2)[C+]1[Pd-2]([I])([I])[C+]1N(CCCC)C=CN1C1=CC=C(Br)C=C1	embed-grip	16
CC(C)(C)[P+]1(C(C)(C)C)CC2=CC=CC=[N+]2[Pt-2]1([CH3])[CH3]	embed-grip	16
CN(C)C1=CC=[N+]2C(=C1)[P+](C1=CC=CC=C1)(C1=CC=CC=C1)[Ru-7]213456([Cl])<-[C+]2(C)[C+]1[C+]->3(C)[C+]4[C+]->5(C)[C+]26	embed-grip	16
CC1=CC(C)=[N+]([RuH-4]([Cl])([C]#[O+])([As+](C2=CC=CC=C2)(C2=CC=CC=C2)C2=CC=CC=C2)[As+](C2=CC=CC=C2)(C2=CC=CC=C2)C2=CC=CC=C2)N1	embed-grip	16
CN1C=CN(CN2C=CC=N2)[C+]1[Ir-5]123([C+]4N(C)C=CN4CN4C=CC=N4)<-[C+]4=[C+]->1CC[C+]->2=[C+]->3CC4	embed-grip	16
CC(=O)[C]1=CC2=CC=CC=[N+]2[Ir-3]1([CH3])([Cl])([C]#[O+])[P+](C)(C)C	embed-grip	16
[Cl][Re-4]([Cl])([Cl])([I])([N+]#C[Se])[N+]#C[Se]	embed-failed	0
CCN(CC)C1=[S+][Tc-2]2([Cl])([Cl])([N]=S)([S]1)[S]C(N(CC)CC)=[S+]2	embed-grip	16
CC(C)[P+](C(C)C)(C(C)C)[Re-4]1([Br])([Br])([N]=O)([P+](C(C)C)(C(C)C)C(C)C)[H+][H+]1	native	1
NC(=[O+][La-5]([OH2+])([OH2+])([OH2+])([OH2+])([Cl])([Cl])[O+]=C(N)C1=CC=NC=C1)C1=CC=NC=C1	embed-grip	16
C[C+]12->[Hf-8]3456789([Cl])([Cl])(<-[CH]1=[P+]3[C+]->4(C1=CC=CC=C1)[C+]->52C)<-[CH]1=[P+]6[C+]->7(C2=CC=CC=C2)[C+]->8(C)[C+]->91C	embed-failed	0
[Cl][Pt-2]1([As+](C2=CC=CC=C2)(C2=CC=CC=C2)C2=CC=CC=C2)[S+]2CCSCC[S+]1CC2	native	1
CCN(CC)[C+](NC(C)(C)C)[Pd-2]1([C]#[N+]C(C)(C)C)[O]C(C(F)(F)F)(C(F)(F)F)O[C]1(C(F)(F)F)C(F)(F)F	embed-grip	16
CC(C)(C)[P+](C)(C(C)(C)C)[Ru-3]([Cl])([C]#[O+])([C]1=CC=CC=C1)[P+](C)(C(C)(C)C)C(C)(C)C	native	1
O=C1[O][Ru-3]2([Cl])([Cl])([O]C1=O)[O]C(=O)C(=O)[OH+]2	native	3
O=C(O)C1=C[N+]([Re-2]([Br])([Br])([Br])([Br])[Br])=CC=N1	native	1
C1=N[N+]([Ru-7]23456([N+]7=CNC=N7)([N+]7=CNC=N7)[C+]7[C+]2[C+]3[C+]4[C+]5[C+]76)=CN1	native	2
CC1=CC2=C(C=C1C)[N]1C(=O)C3=CC=CC=[N+]3[Ru-2]13([OH])([N]=O)[N]2C(=O)C1=CC=CC=[N+]13	embed-grip	16
C1C[S+]2CC[S+]3CC[S+]1[Hg-4]2314[S+]2CC[S+]1CC[S+]4CC2	embed-grip	16
[Cl][Os-7]123456(<-[C+]7(C8=CC=CC=C8)[C+]1[C+]2[C+]3[C+]4[C+]75)[NH2+]CC[NH2+]6	embed-grip	1
[CH3][Pd-]([P+](C(C)(C)C)(C(C)(C)C)C(C)(C)C)[P+](C(C)(C)C)(C(C)(C)C)C(C)(C)C	native	1
[Cl][Hg-3]([Cl])([Cl])([Cl])[Cl]	native	2
CC1=CC=[N+]([Ru-3]([Cl])([Cl])([Cl])([Cl])[N+]2=CC=C(C)C=C2)C=C1	native	2
CC1=CC(C)=C([N]2CC3(C)C[N](C4=C(C)C=C(C)C=C4C)[Hf-]2([Cl])([CH](C)C)[N+]2=CC=CC=C23)C(C)=C1	embed-grip	16
[O+]#[C][W-6]([C]#[O+])([C]#[O+])([C]#[O+])([C]#[O+])[P+]1=C(C(F)(F)F)C(C(F)(F)F)=NN1C1=CC=CC=C1	embed-grip	16
CSC1=[S+][Tc-]2([N-2])([P+](C3=CC=CC=C3)(C3=CC=CC=C3)C3=CC=CC=C3)[O]C3=CC=CC=C3C=[N+]2[N]1	embed-grip	16
CCCNC(NCCC)=[S+][Hg-2]([C]#N)([C]#N)[S+]=C(NCCC)NCCC	embed-grip	16
C1=CC2=CC=CC3=C2C(=C1)C1=C3[S][Pt-4]234(<-[C+]5=[C+]->2CC[C+]->3=[C+]->4CC5)[S]C2=C1C1=C3C(=CC=C1)C=CC=C23	embed-grip	16
CC1C(=O)[O][Nb-3]23456([O]C(=O)C(C)[N+]12[O]3)[O]C(=O)C(C)[N+]4([O]5)C(C)C(=O)[O]6	embed-grip	16
CN1C=NN2CN3N=CN(C)[C+]3[W-6]([C]#[O+])([C]#[O+])([C]#[O+])([C]#[O+])[C+]12	embed-failed	0
C[P+]1(C)CC[P+](C)(C)[W-4]12([N]=O)([O]C(C1=CC=CC=C1)C1=CC=CC=C1)[P+](C)(C)CC[P+]2(C)C	embed-grip	16
[O+]#[C][RhH-3]1([I])([I])[P+](C2=CC=CC=C2)(C2=CC=CC=C2)C2=CC=CC=C2OC2=CC=CC=C2[P+]1(C1=CC=CC=C1)C1=CC=CC=C1	embed-grip	16
CC(C)[P+]1(C(C)C)N(C)C2=CC=CC3=[N+]2[FeH2-4]1([C]#[O+])[P+](C(C)C)(C(C)C)N3C	embed-grip	16
[Cl][Pt-2]12[N+]3=C4C=CC=C3C[S+]1CCOCC[S+]2C4	embed-grip	16
C[N+]12CC[O][Ti-2]134([O]CC[N+]3(C)C1CCCCC1[O]4)[O]C1CCCCC12	embed-grip	16
C1C[S][Ti-2]23([S]1)([S]CC[S]2)[S]CC[S]3	native	2
CC(C)(C)[P+]1(C(C)(C)C)C=C2C=CC=C3C[P+](C(C)(C)C)(C(C)(C)C)[Ir-3]1([C]#[O+])[N]23	embed-grip	16
CC1(C)C2=CC=CC3=C2OC2=C1C=CC=C2[Si](C)(C)[MnH-7]12456([C]#[O+])(<-[C+]7(C)[C+]1[C+]2[C+]4[C+]5[C+]76)[Si]3(C)C	embed-grip	16
C[Si](C)(C)[N]1CC[N+]2([Si](C)(C)C)CC[N]([Si](C)(C)C)[Sc-2]12([Cl])[O+]1CCCC1	embed-grip	16
C[P+]1(C)CCC[P+](C)(C)[Rh-3]12([Cl])([Cl])[P+](C)(C)CCC[P+]2(C)C	embed-grip	16
C[N+]1(C)CC[N+](C)(C)[Ni-2]12[S]C1=NSN=C1[S]2	embed-grip	16
CC(C)C1=CC=CC(C(C)C)=C1[N-][V]([CH-][Si](C)(C)C)([O]C1=C(F)C(F)=C(F)C(F)=C1F)([P+](C)(C)C)[P+](C)(C)C	native	15
CC1=CC=CC(C)=C1[N]([Si](C)(C)C)[Fe-2]1([Cl])[N+](C)(C)CC[N+]1(C)C	embed-grip	16
CC(C)C1=CC=CC(C(C)C)=C1[N-][Re+3]([Cl])([N-]C1=CC=CC=C1C(C)(C)C)[N-]C1=C(C(C)C)C=CC=C1C(C)C	native	1
[CH3][Pt]1([CH3])([CH3])([S](=O)(=O)C2=CC=CC=C2)[N]2C=CC(C3=CC=CC=C3)=C3C=CC4=C(C5=CC=CC=C5)C=C[N]1C4=C32	embed-grip	16
CC1(C)COC2=[N+]1[Ru-4]1([Br])([Br])([N+]3=C2OCC3(C)C)[N+]2=C(OCC2(C)C)C2=[N+]1C(C)(C)CO2	embed-grip	16
[O+]#[C][Mo-6]([C]#[O+])([C]#[O+])([C]#[O+])([C]#[O+])[N+]12CN3CN(CN(C3)C1)C2	embed-failed	0
[C+]1=[C+][Ir-5]123([C+]=[C+]2)[N+]1=C2C(=CC=C1)C=CN2C1=CC=CC=C1N1C=CC2=CC=C[N+]3=C21	native	2
[N-]=[N+]=[N][Mn-2]123[O]C4=CC=CC=C4C=[N+]1C1CCCCC1[N+]2=CC1=CC=CC=C1[O]3	embed-grip	16
CC(C)[P+](C(C)C)(C(C)C)[OsH]([OH2+])([OH2+])([C-2]C=C(C1=CC=CC=C1)C1=CC=CC=C1)[P+](C(C)C)(C(C)C)C(C)C	native	2
C[N+]1(C)CC[N+](C)(C)[Ni-4]12([Cl])([Cl])[N+](C)(C)CC[N+]2(C)C	embed-grip	16
CC1=CC(C)=CC([N]2[Sn-]3[N](C4=CC(C)=CC(C)=C4)[Si](C)(C)[Si](C)([Si]2(C)C)[Si](C)(C)[N]3[C+]23->[Rh-9]456789%10(<-[C+]%11=[C+]->4CC[C+]->5=[C+]->6CC%11)<-[C+](C)([C+]7[C+]->8(C)[C+]29)[C+]3%10)=C1	embed-grip	16
NC1=[O+][Ni-3]23([Cl])[O+]=C(N)C[NH+]2CCC[NH+]3C1	embed-grip	16
CC(C)C1=CC(C(C)C)=C(C2=CC=CC(C3=C(C(C)C)C=C(C(C)C)C=C3C(C)C)=C2[NH][Ti-6]234567<-[C+]8(C(C)C)[C+]2[C+]->3(C(C)C)[C+]->4(C2=CC=CC(C3=C(C(C)C)C=C(C(C)C)C=C3C(C)C)=C2[NH]5)[C+]->6(C(C)C)[C+]87)C(C(C)C)=C1	embed-failed	0
COC1=CC=CC=[N+]1[Cu-2]([Cl])([Cl])[N+]1=CC=CC=C1OC	native	1
CNC(=O)CC[C+]12->[Os-7]34567(<-[C+](C)([C+]3[C+]14)[C+]5[C+]26)([P+]12CN3CN(CN(C3)C1)C2)[O]C(=O)C(=O)[O]7	embed-grip	16
C[C+]12->[Co-11]3456789%10%11(<-[C+](C)([C+]13)[C+]4[C+]->5(C)[C+]26)<-[C+]1(C)[C+]7[C+]->8(C)[C+]9[C+]->%10(C)[C+]1%11	embed-failed	0
CC(C)[P+]1(C(C)C)C[Si](C)(C)[N]2[Si](C)(C)C[P+](C(C)C)(C(C)C)[Zr-2]21([Cl])([Cl])[Cl]	embed-grip	16
[O+]#[C][Ru-4]([OH2+])([OH2+])([OH2+])([OH2+])[OH2+]	embed-failed	0
[Cl][Os-7]123456(<-[C+]78CC9=C(CC=CC9)C[C+]->17[C+]2[C+]3[C+]4[C+]85)[NH2+]CC[NH2+]6	embed-failed	0
[O+]#[C][Mn-5]1([Br])([C]#[O+])([C]#[O+])[OH+]CC2=CC=CC=[N+]21	embed-failed	0
C[P+](C)(C)[Fe-9]123456(<-[C+](=[C+]1)[C+]->2=[C+]3)<-[C+](=[C+]4)[C+]->5=[C+]6	embed-grip	16
CC1=C(C)N(OCC2=CC=CC=C2)[C+]([Rh-5]234([Br])<-[C+]5=[C+]->2CC[C+]->3=[C+]->4CC5)N1CC1=CC=CC=C1	embed-grip	16
[O+]#[C][Ir-4]12([Cl])([P+](C3=CC=CC=C3)(C3=CC=CC=C3)C3=CC=CC=C3)[N]=[S]N=[SH+]1N=[S]N=[S+]2	embed-grip	16
[O-][V-2]12([N+]3=CNC=C3)([N+]3=CNC=C3)([NH2+][O]1)[NH2+][O]2	native	59
O=[N+]1[O][Cu-6]234([O]1)([O][N+](=O)[O]2)([O][N+](=O)[O]3)[O][N+](=O)[O]4	embed-failed	0
C[P+](C)(C1=CC=CC=C1)[Re]12([O-])[S]CC[N]1C(=O)C[S]2	native	1
C[P+]1(C)CC[P+](C)(C)[W-7]12([C]#[O+])([C]#[O+])([C]#[O+])[C+]=[S+]2	embed-failed	0
CC#[N+][Re-8]12345([C]#[O+])([N+]#CC)[C+]6[C+]1[C+]2[C+]3[C+]4[C+]65	embed-failed	0
CC(C)(C)[N+](=O)[Pt-2]1([Cl])[CH2]C=[N+](C(C)(C)C)[O]1	embed-grip	16
COC(=O)N=[N][Re-3]123([P+](C4=CC=CC=C4)(C4=CC=CC=C4)C4=CC=CC=C4)[S]CC[S+]1CCC[S+]2CC[S]3	embed-grip	16
O=[N+]1[O][Cu-3]23([Cl])([O]1)([O][N+](=O)[O]2)[O][N+](=O)[O]3	embed-grip	16
CC[P+](CC)(CC)[Pt-2]1([Br])([Br])([Br])[Br+]C2=CC=CC3=CC=C[C]1=C32	native	1
CSCC[N+]12CC[S][Ni-2]1([C]#N)[S](=O)(=O)CC2	embed-grip	16
ClP(Cl)(=[N][W]([Cl])([Cl])([Cl])([Cl])[N]=P(Cl)(Cl)C1=CC=CC=C1)C1=CC=CC=C1	native	2
CC1=CC(C)=[N+]2C3=CC=CC=C3[N+]3=C(C)C=C(C)[N]4C5=CC=CC=C5[N]1[Co-2]423[I]	embed-grip	16
C1=C[N]2C(=C1)C(N1CCCC1)=[O+][Fe-3]213([O+]=C(N2CCCC2)C2=CC=C[N]21)[O+]=C(N1CCCC1)C1=CC=C[N]13	embed-grip	16
C[P+](C)(C)[Au-][O][N+](=O)[O-]	native	1
CC#[N+][Rh-3]([Cl])([Cl])([Cl])([N+]1=CC=CC=C1)[N+]1=CC=CC=C1	embed-grip	16
COCC[P+](C(C)C)(C(C)C)[Pd-2]([F])([C]1=C(F)C(F)=NC(F)=C1F)[P+](CCOC)(C(C)C)C(C)C	native	1
[O+]#[C][Re-5]([C]#[O+])([C]#[O+])([C]#[O+])([C]#[O+])[Si](C1=CC=CC=C1)(C1=CC=CC=C1)C1=CC=CC=C1	embed-grip	16
[I][Cd-2]1([I])[S+]=C(N2CCCC2)SSC(N2CCCC2)=[S+]1	embed-grip	16
[O+]#[C][Mn-8]12345([Br])([C]#[O+])<-[C+]67CCC[C+]->16[C+]->21CCC[C+]->31[C+]->41CCC[C+]->571	embed-failed	0
[Cl][Cu-2]([Cl])([Cl])[Br]	native	1
C[N+]1(C)CC2=CC=CC3=[C]2[Pt-2]1([I])[N+](C)(C)C3	embed-grip	16
CC(C)[P+]1(C(C)C)C=C[N+]2(C)CC[P+](C(C)C)(C(C)C)[RuH-4]21([O]S(=O)(=O)C(F)(F)F)[P+](C)(C)C	embed-grip	5
C[CH2][IrH-3]12([C]#[O+])[N](C3=CC=C(C)C=C3[P+]1(C(C)C)C(C)C)C1=CC=C(C)C=C1[P+]2(C(C)C)C(C)C	embed-grip	16
CC(=O)OCC1O[CH]([Ir-3]([Cl])([Br])([C]#[O+])([P+](C)(C)C)[P+](C)(C)C)C(OC(C)=O)C(OC(C)=O)C1OC(C)=O	embed-grip	16
[NH3+][Pt-2]([NH3+])([Cl])([Cl])([O]C(=O)NC1CCCCC1)[O]C(=O)NC1CCCCC1	native	6
C[C+]12->[Ru-7]34567([Cl])(<-[C+]1(C)[C+]3[C+]4[C+]5[C+]26)[C]1=CC=CC2=CC=CC(=C21)[P+]7(C1=CC=CC=C1)C1=CC=CC=C1	embed-grip	16
O=C1C[NH+]2CC[NH+]3CC[N+]45CC[NH2+][Co-3]324([NH2+]CC5)[O]1	embed-grip	16
[I][Ru-7]123456([I])<-[C+]7(CC[P+]1(C1=CC=CC=C1)C1=CC=CC=C1)[C+]2[C+]3[C+]4[C+]5[C+]76	embed-failed	0
OC[P+]1(CO)CC[P+](CO)(CO)[Ru-4]12([Cl])([Cl])[P+](CO)(CO)CC[P+]2(CO)CO	embed-grip	16
CC(C)=[O+][IrH-3]1([P+](C2=CC=CC=C2)(C2=CC=CC=C2)C2=CC=CC=C2)([P+](C2=CC=CC=C2)(C2=CC=CC=C2)C2=CC=CC=C2)[C]2=CC=CC=C2C=[N+]1CC1=CC=CC=C1	embed-grip	16
CCN(CC)C1=CC=C2C(=C1)OC1=CC(=[N+](CC)CC)C=CC1=C2C1=CC=CC=C1C(=O)[O][Zn-2]([OH2+])([Cl])[Cl]	embed-grip	16
CCOC(=O)C(C)[NH+]1CC[NH+](C(C)C(=O)OCC)[Pt-2]1([Cl])([Cl])([Cl])[Cl]	embed-grip	16
C1=C[N]2[N+](=C1)[BH-]1[N+]3=CC=C[N]3[Re-8]234567([C+]2[C+]3[C+]4[C+]5[C+]6[C+]27)[N]2C=CC=[N+]12	embed-failed	0
O=C1[O][Nb-3]234([O][O]2)([O][O]3)([O][O]4)[N+]2=C1C=CC1=CC=CC=C12	embed-grip	16
C[P+](C)(C)[Rh-3]1([C]2=CC=CC=C2)([P+](C)(C)C)([P+](C)(C)C)[O]C(=O)[O]1	embed-grip	16
C[P+](C)(C)[Re-]([Cl])([Cl])([Cl])([N-]C1=CC=CC=C1)[P+](C)(C)C	native	3
C=CCCCC1(C)C(=O)[O][Ni-2]23[N](C(=O)C4CCC[N+]42CC2=CC=CC=C2F)C2=CC=CC=C2C(C2=CC=CC=C2)=[N+]13	embed-grip	16
C[N](C)[Ta]([CH3])([Cl])([N](C)C)[N](C)C	native	9
C[S+](C)[Pt-2]([Br])([S+](C)C)[S+](C)C	native	1
CC[P+](CC)(CC)[Pt-4]1([P+](CC)(CC)CC)[Sb+]([C](=O)C(C)(C)C)=[Sb+]1[C](=O)C(C)(C)C	embed-grip	16
CC(C)[C+]12->[Ru-7]345678(<-[C+](C)([C+]3[C+]14)[C+]5[C+]26)[S+]=C1N(C)C=CN1[B-](N=C=S)(N1C=CN(C)C1=[S+]7)N1C=CN(C)C1=[S+]8	embed-grip	15
[Cl][Cu-2]1([Cl])[NH2+]N2C(C3=CC=CC=[NH+]3)=NNC2=[S+]1	native	1
CC(C)=[O+][Cr-2]([N]=C=S)([N]=C=S)[O+]=C(C)C	native	1
C[C+]12->[Ru-7]345678(<-[C+]1(C)[C+]->3(C)[C+]->4(C)[C+]->5(C)[C+]->62C)[N+]1=CC=CN1C(S(=O)(=O)[O-])(N1C=CC=[N+]17)N1C=CC=[N+]18	embed-failed	0
CC1=CC=CC(C)=C1NC=[N+]([Au-][Cl])C1=C(C)C=CC=C1C	embed-grip	16
C[CH2][Ru-7]123456([C+]7[C+]1[C+]2[C+]3[C+]4[C+]75)[N](C(C)(C)C)C(C1=CC=CC=C1)=[N+]6C(C)(C)C	embed-grip	16
S=C=[N][Mo-3]([N]=C=S)([N]=C=S)([N]=C=S)([N+]1=CC=CC=C1)[N+]1=CC=CC=C1	native	1
C[P+](C)(C)[Pd-2]([CH3])([N]=[N+]=[N-])[P+](C)(C)C	native	2
CC(C)(C)[N+]#[C][Co-5]123([C]#[N+]C(C)(C)C)[N](CCC[N]1C(=O)C(C)(C)[SH+]2=O)C(=O)C(C)(C)[SH+]3=O	embed-grip	16
CSC1=[NH+][Co-]23([I])[NH+]=C(SC)N[N]2C(C)C=C(C)[N]3N1	embed-grip	16
C1=CC2=C(C=C1)C1=N[C+]34->[Re-11]56789%10%11%12%13(<-[C+]%14([C+]5[C+]6[C+]7[C+]8[C+]%149)N1C2)[C+]([C+]%10[C+]3%11)[C+]%12[C+]4%13	embed-failed	0
O=C1C2=CC=CC=C2C(=O)[N]1[Pd-2]1([P+]23CN4CN(CN(C4)C2)C3)[C]2=CC=CC=C2C2=CC=CC=[N+]21	embed-grip	16
FC1=CC=C2C3=CC=C(F)C=[N+]3[Au-3]3([C+]=[C+]3)[N+]2=C1	native	1
CC1=CC(C)=C(N2C=CN(C3=C(C)C=C(C)C=C3C)[C+]2[V]([O-])([Cl])([Cl])[Cl])C(C)=C1	embed-grip	16
CC1=CC(C)=C(N2C=CN3[C+]2[IrH2-3]24[O]C(C5=CC=C(Br)C=C5)C3C3=[N+]2C(=CC=C3)C[P+]4(C(C)(C)C)C(C)(C)C)C(C)=C1	embed-grip	16
CC1=CC=C2C3=CC=CC=[N+]3[Au-]([Cl])([CH2]C3=CC=CC=C3)[C]2=C1	embed-grip	16
CC1=C(C)N(C)[C+]([Ni-2]([C]#N)([C]#N)[C+]2N(C)C(C)=C(C)N2C)N1C	embed-grip	16
[CH3][Ta-2]1234([CH3])[F+]C5=C(F)C(F)=C(F)C(F)=C5[N]1CC[N]2CC[N]3C1=C(F)C(F)=C(F)C(F)=C1[F+]4	embed-grip	16
CC(C)=C[N]1C2=CC=CC=C2[P+](C2=CC=CC=C2)(C2=CC=CC=C2)[Ru-4]1([Cl])([N+]1=CC=CC=C1)([N+]1=CC=CC=C1)[N+]1=CC=CC=C1	native	1
CN1[N][N]N=C1[S][Tc]([N-2])([S]C1=N[N][N]N1C)([S]C1=N[N][N]N1C)[S]C1=N[N][N]N1C	native	4
CC1=CC=C(NC(NC2=CC=C(C)C=C2)=[N+]2CC[P+](C3=CC=CC=C3)(C3=CC=CC=C3)[Os-7]234567([Cl])<-[C+]2(C)[C+]3[C+]4[C+]->5(C(C)C)[C+]6[C+]27)C=C1	embed-grip	16
CC1=CC=CC(C)=[N+]1[Ti-]([Br])([Br])([Br])[Br]	native	4
CN(C)C1=N[N+](=CC2=CC=CC=C2)[Hg-]([C]2=CC=CC=C2)[S]1	embed-grip	16
CC(C)[C+]12->[Ru-7]34567([Cl])(<-[C+](C)([C+]3[C+]14)[C+]5[C+]26)[N+]1=CC=CC=C1C1=[N+]7C2=CC=CC=C2N1CC1=CC=C(C(F)(F)P(=O)([O-])O)C=C1	embed-grip	16
C[P+](C)(C)[Au-]([Br])([Br])[Br]	native	1
[NH3+][Re-3]12([C]#[O+])([N]=O)[NH+]3CC[NH+]1CC[NH+]2CC3	embed-grip	9
CCN1C=CN(C2=CC=CC=C2)[C+]1[Pd-2]([I])([I])[C+]1N(CC)C=CN1C1=CC=CC=C1	embed-grip	16
O=C1[O][Zr-4]23([F])([F])([O]1)([O]C(=O)C(=O)[O]2)[O]C(=O)C(=O)[O]3	embed-failed	0
CC1=CC(C)=[N+]([Ni-4]23([OH2+])([N+]4=C(C)C=C(C)N4)[O]C(=O)C[S+]2CC(=O)[O]3)N1	embed-grip	16
[C](#CC1=CSC=C1)[Au-][P+]12CN3CN(CN(C3)C1)C2	embed-grip	16
CC1=CC=CC(C)=C1[N]1C2=CC=CC=C2[P+](C(C)C)(C(C)C)[Zn-]1[CH3]	embed-grip	16
CC[O+](CC)[Ti]([N-]C1=C(C(C)C)C=CC=C1C(C)C)([O]S(=O)(=O)C(F)(F)F)[N](C(C)=CC(C)=CC(C)(C)C)C1=C(C(C)C)C=CC=C1C(C)C	native	2
C[As+](C)(C)[Os-3]([I])([I])([As+](C)(C)C)([As+](C)(C)C)[As+](C)(C)C	native	2
[OH2+][Mn-4]([Cl])([Cl])([Cl])([N+]1=CNC2=C(NCC3=CC=CO3)N=C[NH+]=C21)[N+]1=CNC2=C(NCC3=CC=CO3)N=C[NH+]=C21	native	3
C[P+](C)(C)[IrH-3]1([P+](C)(C)C)([P+](C)(C)C)[CH2]C=C[C]1=O	native	2
CC(C)(C)[P+]1(C(C)(C)C)CC[N]2CC[P+](C(C)(C)C)(C(C)(C)C)[Os]21[N-][Si](C)(C)C	embed-grip	12
CC(C)(C)[NH+]1[C+]2->[Nb-5]13([Cl])([Cl])([Cl])(<-[C+]=2[NH+]3C(C)(C)C)[O+]1CCCC1	native	47
CC#[N+][Rh-7]123([N+]#CC)([C+]=[C+]1)([C+]=[C+]2)[C+]=[C+]3	native	10
C[N+]1(C)CC[N+](C)(C)[Ru-7]123456([Cl])<-[C+]1(C7=CC=CC=C7[NH3+])[C+]2[C+]3[C+]4[C+]5[C+]16	embed-failed	0
CC1[NH2+][RuH-4]2([Cl])([NH2+]C(C)C(C3=CC=CC=C3)[P+]2(C2=CC=CC=C2)C2=CC=CC=C2)[P+](C2=CC=CC=C2)(C2=CC=CC=C2)C1C1=CC=CC=C1	embed-grip	16
[CH3][Au-]1([CH3])[N+]2=CC=CC=C2C(O)(O)C2=CC=CC=[N+]21	native	1
C[SiH](C)[N]([SiH](C)C)[Sc-4]1234([H+][BH-]([H+]1)[N+](C)(C)[BH2-][N+]2(C)C)[H+][BH-]([H+]3)[N+](C)(C)[BH2-][N+]4(C)C	native	1
C[P](C)(C)[Ir]([Br])([Br])([B]1OC2=CC=CC=C2O1)([P](C)(C)C)[P](C)(C)C	native	3
[Cl][Ni-4]1234[NH2+]CC[S+]1CC[S+]2CC[S+]3CC[NH2+]4	embed-grip	16
C#[C][Re-2]([N]=O)([N]=O)([P+](C(C)C)(C(C)C)C(C)C)[P+](C(C)C)(C(C)C)C(C)C	native	1
CC1C[NH+]1[Cu-4]([Cl])([Cl])([NH+]1CC1C)([NH+]1CC1C)[NH+]1CC1C	native	2
CC(C)(C)[P+]1(C(C)(C)C)CC(C(F)(F)F)(C(F)(F)F)[O][IrH-3]12([N+]1=CC=C(N3CCCC3)C=C1)[O]C(C(F)(F)F)(C(F)(F)F)C[P+]2(C(C)(C)C)C(C)(C)C	embed-grip	10
C[NH+]1CC[N+](C)(C)[Ni-4]12([Cl])([Cl])[NH+](C)CC[N+]2(C)C	embed-grip	16
CC[P+](CC)(CC)[Ir-3]1([P+](C)(C)C)([P+](C)(C)C)([P+](C)(C)C)[CH]=C(C)C=C(C)[CH2]1	embed-grip	16
N#CC1=C(C#N)[S][Mo-2]23([S]1)([S]C(C#N)=C(C#N)[S]2)[S]C(C#N)=C(C#N)[S]3	embed-grip	16
CC1=CC2=C3C4=C1C=C(C)C1=C4[C+]45->[Rh-9]6789%10%11([C+]([C+]->6(C)[C+]->7(C=C2C)[C+]->834)[C+]->95C(C)=C1)(<-[C+]1=[C+]->%10CCCCCC1)<-[C+]1=[C+]->%11CCCCCC1	embed-failed	0
[Cl][Pt-2]123([Cl])[Se+]4CCC[Se+]1CCC[Se+]2CCC[Se+]3CCC4	embed-grip	16
[O+]#[C][RuH-4]12([P+](C3=CC=CC=C3)(C3=CC=CC=C3)CCC[P+]1(C1=CC=CC=C1)C1=CC=CC=C1)[P+](C1=CC=CC=C1)(C1=CC=CC=C1)CCC[P+]2(C1=CC=CC=C1)C1=CC=CC=C1	embed-grip	16
[O+]#[C][Mo-4]([I])([I])([I])([C]#[O+])([C]#[O+])[P+](C1=CC=CC=C1)(C1=CC=CC=C1)C1=CC=CC=C1	embed-grip	16
C1=CC=C([P+](C2=CC=CC=C2)(C2=CC=CC=C2)[IrH2-3]([S+]2CCCC2)([S+]2CCCC2)[P+](C2=CC=CC=C2)(C2=CC=CC=C2)C2=CC=CC=C2)C=C1	native	3
CC[P+]1(CC)CC[NH+]2CC[P+](CC)(CC)[OsH-4]21([Cl])[C]#[O+]	embed-grip	2
[Br][Tc-2]([Br])([Br])([Br])([Br])[Br]	native	1
CC(C)C1=CC=CC(C(C)C)=C1N1[C+]([Fe+]([N-]C(C)(C)CC2=CC=CC=C2)[N-]C(C)(C)CC2=CC=CC=C2)C(C)(C)CC1(C)C	native	1
[OH2+][Ni-4]12([OH2+])([N]=C=S)[O]C3=CC=CC=C3C=[N+]1CC[N+]21CCOCC1	embed-grip	16
CN1CCN(C)C2=[S+][Cd-3]3([I])([S+]=C21)[S+]=C1C(=[S+]3)N(C)CCN1C	embed-grip	16
C1=CC=C([P+](C2=CC=CC=C2)(C2=CC=CC=C2)[Pt-3]2([P+](C3=CC=CC=C3)(C3=CC=CC=C3)C3=CC=CC=C3)[N]=[S]N=[S+]2)C=C1	native	1
C[P](C)(C)[Rh]1([S]C2=CC=CC=C2)([P](C)(C)C)([P](C)(C)C)[O][O]1	native	2
[O+]#[C][W-6]1([C]#[O+])([C]#[O+])([C]#[O+])[Te][Te][Te][Te]1	embed-failed	0
C1=CC2=CC=CC3=C2[N+](=C1)[Fe-4]12([NH2+]3)([NH2+]C3=C4C(=CC=C3)C=CC=[N+]41)[NH2+]C1=C3C(=CC=C1)C=CC=[N+]32	embed-grip	16
CC1=CC(C(C)(C)C)=NNC1=[S+][Pd-2]([I])([I])[S+]=C1NN=C(C(C)(C)C)C=C1C	native	2
[Br][Re-]12([Br])([P+](C3=CC=CC=C3)(C3=CC=CC=C3)C3=CC=CC=C3)[N-]C3=CC=CC4=CC=CC(=C43)[N+]1=CC1=CC=C[N]12	embed-grip	16
CC1=CC(C)=[C]([V-]([C]2=C(C)C=C(C)C=C2C)([C]2=C(C)C=C(C)C=C2C)[C]2=C(C)C=C(C)C=C2C)C(C)=C1	native	1
[OH2+][Ru-7]12345([OH2+])([OH2+])[C+]6[C+]1[C+]2[C+]3[C+]4[C+]65	native	2
CC(C)[N]1[P+](C(C)C)(C(C)C)[Cr-3]123([N](C(C)C)[P+]2(C(C)C)C(C)C)[N](C(C)C)[P+]3(C(C)C)C(C)C	embed-failed	0
[F][Os-]([F])([Cl])([Cl])([Cl])[Cl]	native	2
CC(C)C1=CC=CC(C(C)C)=C1N1C=CN(C2=C(C(C)C)C=CC=C2C(C)C)[C+]1[OsH-7]12345([Cl])<-[C+]6(C)[C+]1[C+]2[C+]->3(C(C)C)[C+]4[C+]65	embed-grip	16
C[Si](C)(C)[N]([Si](C)(C)C)[V-]([CH3])([N]([Si](C)(C)C)[Si](C)(C)C)[O+]1CCCC1	native	1
CC(C)[C+]12->[Ru-7]3456([Cl])([Cl])([N+]7=NC(C8=CC=CC=C8)=C8C=CC=CN87)<-[C+](C)([C+]3[C+]14)[C+]5[C+]26	embed-grip	16
[Cl][Cu-2]([Cl])([Br])[Br]	native	1
COC12C=CC(CC1)C1C(=O)[C+]34->[Cr-9]5678([C]#[O+])([C]#[O+])([C]#[O+])<-[C+]3(C(=O)C12)[C+]5[C+]6[C+]7[C+]48	embed-failed	0
[O+]#[C][Mn-8]12345([C]#[O+])([C]#[O+])<-[C+]67C=CN[C+]->16[C+]2[C+]3[C+]4[C+]75	embed-failed	0
CC1=CC=CC=[C]1[Re+]([O-])([C]1=CC=CC=C1C)([C]1=CC=CC=C1C)[C]1=CC=CC=C1C	native	2
N#CC1=NC2=C3C=CC=[N+]4C3=C3C(=C2N=C1C#N)C=CC=[N+]3[Ag-2]4[C]#N	embed-grip	16
C[Si]12C[P+](C)(C)[Ru-7]345(<-[C+]([CH+]3)([CH+]4)[CH+]5)([P+](C)(C)C1)[P+](C)(C)C2	embed-grip	16
[O+]#[C][PtH2-2]([Br])([Br])[Br]	embed-failed	0
C[P+](C)(C)[Ir-3]1([Cl])([P+](C)(C)C)([P+](C)(C)C)[CH]=CC=C[Se]1	embed-grip	16
C1=C[N]([Ru-3]([N]2C=CN=C2)([N]2C=CN=C2)([N+]2=CNC=C2)([N+]2=CNC=C2)[N+]2=CNC=C2)C=N1	native	2
CC1(C)C[NH+]2CC[O][Zn-3]23([NH2+]CC[OH+]3)[S]1	embed-grip	16
[Cl][Ru-2]([Cl])([Cl])([Cl])([Cl])[Cl]	native	1
CC(C)(C)C1=NOC(C2=CC=C(N3C=CN(CC4=C5C=CC=CC5=CC5=CC=CC=C54)[C+]3[Au-][Cl])C=C2)=N1	embed-grip	16
[O+]#[C][RuH-4]12([O]C3=CC=CC=C3)[NH+](CC[P+]1(C1=CC=CC=C1)C1=CC=CC=C1)CC[P+]2(C1=CC=CC=C1)C1=CC=CC=C1	embed-grip	16
CC1=CC(C)=[N+]2CC[N+]3=CC4=CC=CC=C4[O][Ni-2]32[O]1	embed-grip	16
C=C[CH2][Pt-2]([Br])([P+](CC)(CC)CC)[P+](CC)(CC)CC	native	1
C[P+](C)(C)[Mo-5]([C]#[O+])([C]#[O+])([O]C(=O)C(F)(F)F)([O]C(=O)C(F)(F)F)([P+](C)(C)C)[P+](C)(C)C	embed-grip	16
CC[P+](CC)(CC)[IrH-3]1([P+](CC)(CC)CC)([P+](CC)(CC)CC)[CH]=CC=C[O]1	native	2
CN(C)C=[O+][Cu-4]1234[NH+]5CC[S+]1CC[O+]2CC[O+]3CC[S+]4CC5	embed-grip	16
[Br][Os-2]([Br])([Br])([Br])([Br])[Br]	native	1
CC1=CC(C)=CC([N]2[Si](C)(C)[Si]3(C)[Si](C)(C)[N](C4=CC(C)=CC(C)=C4)[Sn]2([Rh]245([P](OC6=CC=CC=C6)(OC6=CC=CC=C6)OC6=CC=CC=C6)[C]6=[C]2CC[C]4=[C]5CC6)[N](C2=CC(C)=CC(C)=C2)[Si]3(C)C)=C1	embed-grip	16
O=S=N[P+](C1=CC=CC=C1)(C1=CC=CC=C1)[Mo-6]([C]#[O+])([C]#[O+])([C]#[O+])([C]#[O+])[C]#[O+]	embed-grip	16
CNC1=[S+][Co-4]234([OH+]CC(C)=[N+]2N1)[OH+]CC(C)=[N+]3NC(NC)=[S+]4	embed-grip	16
[Cl][Co-3]123([N+]4=CC=CC=C4)[NH2+]CC[NH+]1CC[NH+]2CC[NH2+]3	embed-grip	16
CC(C)[C+]12->[Ru-7]34567([I])(<-[C+](C)([C+]3[C+]14)[C+]5[C+]26)[N+]1=CC=CN=C1C1=NC=CC=[N+]17	embed-grip	16
C[Si](C)(C)[Si]([Te][Mo]([Te][Si]([Si](C)(C)C)([Si](C)(C)C)[Si](C)(C)C)([Te][Si]([Si](C)(C)C)([Si](C)(C)C)[Si](C)(C)C)[Te][Si]([Si](C)(C)C)([Si](C)(C)C)[Si](C)(C)C)([Si](C)(C)C)[Si](C)(C)C	native	1
O=C1C2=CC=CC=[N+]2[Cu-3]23([F+][B-](F)(F)F)[N]1C1=CC=CC=C1[N+]2=CC1=CC=CC=[N+]13	embed-grip	16
C[P+](C)(C1=CC=CC=C1)[Fe-2]([Cl])([Cl])([Cl])[P+](C)(C)C1=CC=CC=C1	native	4
[C+]1=[C+]2->[Ag-7]134567[O+]1CC[O+]3CC[O+]4CC[N+]5(CC2)CC[O+]6CC[O+]7CC1	embed-grip	16
C[O+]1CC[O+]2CC[O+](C)[La-4]12([Br])([Br])([Br])[Br]	embed-grip	16
O=[N][Re-3]([Br])([Br])([P+]12CN3CN(C[NH+](C3)C1)C2)([P+]12CN3CN(C[NH+](C3)C1)C2)[P+]12CN3CN(C[NH+](C3)C1)C2	native	3
N#CC1=C(C#N)[S][Mo-]2(=[O])([S]C3=CC=C([N+](=O)[O-])C=C3)([S]1)[N]1C=CC=C3C=CC4=CC=C[N]2C4=C31	embed-grip	16
CC1=C(C)N(C)[C+]([RuH3-3]([C+]2N(C)C(C)=C(C)N2C)([Si](C2=CC=CC=C2)(C2=CC=CC=C2)C2=CC=CC=C2)[P+](C2=CC=CC=C2)(C2=CC=CC=C2)C2=CC=CC=C2)N1C	embed-grip	16
CC1=CC=CC(C)=C1[N]1[Si](C)(C)[N+](C)(C)[Hf-2]12([Cl])([Cl])[N](C1=C(C)C=CC=C1C)[Si](C)(C)[N+]2(C)C	embed-grip	16
[Br][Co-2]([Br])([Br])[Br]	native	1
CN1C=CN2C[C+]3->[Ir-7]456([Br])(<-[C+]7=[C+]->4CC[C+]->5=[C+]->6CC7)([C+]=3)[C+]12	embed-grip	16
OC1C[S+]2CC[S+]3CC[S+](C1)[Ni-4]3214[S+]2CC[S+]1CC(O)C[S+]4CC2	embed-grip	16
CC1=CC=CC(C)=C1N=C([O][Ti-2]12([N](C)C)([O]C(C3=CC=CC=C3)=[N+]1C1=C(C)C=CC=C1C)[O]C(C1=CC=CC=C1)=[N+]2C1=C(C)C=CC=C1C)C1=CC=CC=C1	embed-grip	16
CC(C)[N]1C2=CC=CC=C2[O][Ti-2]123([C]1=CC=CC=C1[N]2C(C)C)[P+](C)(C)CC[P+]3(C)C	embed-grip	16
CCOC(CC[C+]12->[Ru-7]3456([Cl])([Cl])([P+]78CN9CN(CN(C9)C7)C8)[C+]([C+]3[C+]14)[C+]5[C+]26)OCC	embed-grip	4
CC(C)[C+]12->[Os-7]3456([Br])([Br])([C]#[O+])<-[C+](C)([C+]3[C+]14)[C+]5[C+]26	embed-grip	6
CC1=CC(C)=C(N2C=CN(C3=C(C)C=C(C)C=C3C)C2=[N][Ti]([Cl])([Cl])[Cl])C(C)=C1	embed-grip	16
C[C+]12->[Ru-5]3456([Cl])([C-]=C=C(C7=CC=CC=C7)C7=CC=CC=C7)(<-[C+](C)([C+]13)[C+]4[C+]->5(C)[C+]26)[P+](CP(=NC1=C(F)C(F)=NC(F)=C1F)(C1=CC=CC=C1)C1=CC=CC=C1)(C1=CC=CC=C1)C1=CC=CC=C1	embed-grip	16
CC(C)(C)N1C=CN2C[P+](C(C)(C)C)(C(C)(C)C)[Rh-3]([C]#[O+])([C]#[O+])[C+]21	embed-grip	16
CC(=O)[O][Pt-2]1([I])([I])([O]C(C)=O)[NH2+]CC[NH2+]1	embed-grip	16
CC[NH2+][Cr-3]([Cl])([Cl])([NH2+]CC)([NH2+]CC)[NH2+]CC	native	2
COC1=CC=[N+]2C(=C1)C1=CC(OC)=CC=[N+]1[Ru-7]213456([OH2+])<-[C+]2(C)[C+]->1(C)[C+]->3(C)[C+]->4(C)[C+]->5(C)[C+]->62C	embed-failed	0
O=[C]1CC2=CC=CC3=[N+]2[Fe-4]1([C]#[O+])([C]#[O+])([S+]=C1C=CC=CN1)[O+]([B-](F)(F)F)C3	embed-grip	16
CN1CCCN(C)C1=[O+][Zn-2]([O+]=C1N(C)CCCN1C)([CH](F)F)[CH](F)F	native	1
CC1=CC=C2C=CC=[N+]([Ni-2]([N+]3=CC=CC4=CC=C(C)N=C43)([C](F)(F)F)[C](F)(F)F)C2=N1	native	2
CC([NH3+])C(=O)[O][Pt-2]([OH2+])([Cl])([Cl])([Cl])[Cl]	native	2
CC(=O)[O][Cd-2]([O]C(C)=O)([S+]=C(NC(C)C)NC(C)C)[S+]=C(NC(C)C)NC(C)C	native	1
[CH3][Mo]1([CH3])([O-])([O-])[N+]2=CC=CN=C2C2=NC=CC=[N+]21	embed-failed	0
CC(C)C1=CC=CC(C(C)C)=C1[N-][Mo-3]12([P+](C)(C)C)([P+](C)(C)C)([H+][BH2-][H+]1)[H+][BH2-][H+]2	native	4
ClC1CC2[C+]3->[Pt-4]4([Cl])([CH2]C2C1[C+]->4=3)([P+](C1=CC=CC=C1)(C1=CC=CC=C1)C1=CC=CC=C1)[P+](C1=CC=CC=C1)(C1=CC=CC=C1)C1=CC=CC=C1	embed-grip	16
CC(C)C1=CC=CC(C(C)C)=C1N1C=CN2C1=[N][Ti-7]134567(<-[C+]8(C(C)C)[C+]1[C+]3[C+]4[C+]->5(C(C)C)[C+]->628)[N](C1=C(C(C)C)C=CC=C1C(C)C)C(N=C(C(C)(C)C)C(C)(C)C)=[N+]7C1=C(C(C)C)C=CC=C1C(C)C	embed-failed	0
[O+]#[C][Re-5]1([Br])([C]#[O+])([C]#[O+])[NH2+]CC2=CC=CC=[N+]21	embed-failed	0
[O+]#[C][Cr-6]([C]#[O+])([C]#[O+])([C]#[O+])([NH+]1CCCCC1)[NH+]1CCCCC1	embed-failed	0
CC(C)C1=CC=CC(C(C)C)=C1N1C=C[N+]2=C1[Si](C)(C)[Ni-6]13456(<-[C+]7(C(C)C)[C+]1[C+]3[C+]4[C+]->5(C(C)C)[C+]->627)[Si](C)([Si](C)(C)C)[Si](C)(C)C	embed-failed	0
C[N+]12CCC[N+]3(C)CC[N+]4(C)CCC[N+](C)(CC1)[Rh-3]234([Cl])[Cl]	embed-grip	16
CC1=C(C)[S][W-]2([O]C(C)C)([S]1)[S]C(C)=C(C)[S]2	native	1
[Cl][Rh-6]1234(<-[C+]5=[C+]->1C1CC5[C+]->2=[C+]->31)[P+](C1=CC=CC=C1)(C1=CC=CC=C1)C1=CC=CC=C1OC1=CC=CC=C1[P+]4(C1=CC=CC=C1)C1=CC=CC=C1	embed-grip	16
C[N+]1(C)CC[NH2+][Ru-3]1([Cl])([Cl])([Cl])[P+](C1=CC=CC=C1)(C1=CC=CC=C1)C1=CC=CC=C1	embed-grip	16
[O-][Mo]123([O-])[O]CC[NH+]1CC[NH+]2CC1=CC(Cl)=CC=C1[O]3	native	1
CC1(C)CC(C)(C)C2=N[N+]3=C(N=C21)C1=CC=C2C=CC4=CC=C5C6=NC7=C(N=[N+]6[Y-7]3689%10([O][N+](=O)[O]6)([O][N+](=O)[O]8)([O][N+](=O)[O]9)[N+]5=C4C2=[N+]1%10)C(C)(C)CC7(C)C	embed-grip	16
C1C[NH+]2CC[S+]3CC[NH+]1[Cd-4]2314[NH+]2CC[NH+]1CC[S+]4CC2	embed-grip	16
CC(C)C1=CC=CC(C(C)C)=C1[N-][V+]([N]=P(C(C)(C)C)(C(C)(C)C)C(C)(C)C)([C]1=CC=CC=C1)[C]1=CC=CC=C1	native	1
C1C[O][Zr-4]234([NH2+]1)([NH2+]CC[O]2)([NH2+]CC[O]3)[NH2+]CC[O]4	native	34
CSC1=C(SC)[S+](C)[Pd-2]([Cl])([Cl])[S+]1C	embed-grip	16
[O-][Re]12([N]=C=S)[S]CC[S+]1CC[S]2	embed-grip	16
CN1C=CN2[BH-]3N4C=CN(C)C4=[S+][W-3]4([S-])([Br])(<-[C+]#[C+]->4)([S+]=C12)[S+]=C1N(C)C=CN31	embed-failed	0
N#C[Se][Cu-4]12([Se]C#N)([NH2+]CC(O)C[NH2+]1)[NH2+]CC(O)C[NH2+]2	embed-failed	0
N#CC1=C(C#N)[N]2C(=N1)C1=NC(C#N)=C(C#N)[N]1[Ir-3]2([C]#[O+])[C]#[O+]	embed-grip	16
CP(C)CC1(C)C[P+](C)(C)[Cr-4]2([Cl])([Cl])([P+](C)(C)C1)[P+](C)(C)CC(C)(CP(C)C)C[P+]2(C)C	embed-grip	16
CC(C)(C)[C]1=P[N](C(C)(C)C)[Ti]12[N]([Si](C)(C)C)CC(C)(C1=CC=CC=N1)C[N]2[Si](C)(C)C	embed-grip	16
O=C1C2=CC=CC=[N+]2[Mn-3]23([OH2+])([Cl])[N]1C1=CC=CC=C1[N]2C(=O)C1=CC=CC=[N+]13	embed-grip	16
[Cl][Ti-2]1([Cl])([Cl])([Cl])[N](C2=CC=CC=C2)C2=CC=CC=[N+]21	embed-grip	16
[Cl][Ir-3]1([Cl])([Cl])([Cl])[NH+]=CC=[NH+]1	embed-failed	0
C[P+](C)(C)[IrH2-3]([P+](C)(C)C)([P+](C)(C)C)[P+](C)(C)C	native	2
[Cl][Ru-4]123([P+](C4=CC=CC=C4)(C4=CC=CC=C4)C4=CC=CC=C4)[N]4C5=C[S+]1CC1=CC=CC(=[N+]12)C[S+]3CC4=CC=C5	embed-grip	16
CC1(C)N([O])C(C2=CC=CC=C2)=[N+]([O][Cu-2]([Cl])([Cl])[O][N+]2=C(C3=CC=CC=C3)N([O])C(C)(C)C2(C)C)C1(C)C	native	1
C[Si](C)(C)N(C(=N[P+](C1=CC=CC=C1)(C1=CC=CC=C1)[Mn-5]([Br])([C]#[O+])([C]#[O+])([C]#[O+])[C]#[O+])C1=CC=CC=C1)[Si](C)(C)C	embed-grip	16
[Cl][Pd-2]([Cl])([Te+]1CCCC1)[Te+]1CCCC1	native	2
CC(C)C1=CC(C(C)C)=C(C2=CC=CC(C3=C(C(C)C)C=C(C(C)C)C=C3C(C)C)=[C]2[Sn]2([Cl])[C]3=CC=CC=C3[P](C3=CC=CC=C3)(C3=CC=CC=C3)[Ir]2345[C]2=[C]3CC[C]4=[C]5CC2)C(C(C)C)=C1	embed-grip	16
[Br][Hg-2]([Br])([I])[I]	native	1
C[P+]1(C)CC[P+](C)(C)[Ru-5]12([C]#[O+])[P+](C)(C)CC[P+]2(C)C	embed-grip	16
N#[C][Fe-2]([C]#N)([C]#N)([C]#N)[N]=O	embed-failed	0
CN(C)P(=[O+][Ti-2]([Cl])([Cl])([Cl])([Cl])[O+]=P(N(C)C)(N(C)C)N(C)C)(N(C)C)N(C)C	native	2
CC(=O)C1=N[N]2C3=CC=CC=C3[S+]3CC4=CC=CC=[N+]4[Ru-3]23([Cl])([Cl])[O+]=C1C	embed-grip	16
CC(C)C1=CC=CC(C(C)C)=C1[N-][Nb+]([O]C1=C(C(C)(C)C)C=CC=C1C(C)(C)C)([N](C)C)[N](C)C	native	1
C[C](=[Se]C1=CC=CC=C1)[Re-]([N]=O)([N]=O)([P+](C1CCCCC1)(C1CCCCC1)C1CCCCC1)[P+](C1CCCCC1)(C1CCCCC1)C1CCCCC1	native	3
CCOC(=O)C(C#N)=C1[S][Pt-4]234(<-[C+]5=[C+]->2CC[C+]->3=[C+]->4CC5)[S]1	embed-grip	16
[Cl][Pd-2]1([Cl])[Se+](C2=CC=CC=C2)CC[N+]12CCOCC2	embed-grip	16
NC1=CC=CC=[N+]1[IrH3-3]([P+](C1=CC=CC=C1)(C1=CC=CC=C1)C1=CC=CC=C1)[P+](C1=CC=CC=C1)(C1=CC=CC=C1)C1=CC=CC=C1	native	3
[I][Cd-2]([I])([N+]1=C(CN2C=NC=N2)NC2=CC=CC=C21)[N+]1=C(CN2C=NC=N2)NC2=CC=CC=C21	native	1
O=S(=O)([O][Cu-4]([OH2+])([N+]1=CC=NC=C1)([N+]1=CC=NC=C1)([N+]1=CC=NC=C1)[N+]1=CC=NC=C1)C(F)(F)F	native	2
C[N](C)[Ti-2]12([N](C)C)([O]C3=C(C4=CC=CC=C4)C=CC=[N+]31)[O]C1=C(C3=CC=CC=C3)C=CC=[N+]12	native	8
C[P+](C)(C)[Mo-3]([I])([I])([I])([P+](C)(C)C)[P+](C)(C)C	native	2
C[N+]12CN3CN(C1)C[P+]([Ru-4]([OH2+])([I])([I])([P+]14CN5CN(C[N+](C)(C5)C1)C4)[P+]14CN5CN(C[N+](C)(C5)C1)C4)(C3)C2	native	3
CC(C)[P+](C(C)C)(C(C)C)[IrH-2]([Cl])([C]1=C(F)C(F)=NC(F)=C1F)[P+](C(C)C)(C(C)C)C(C)C	native	8
CC(C)[C+]12->[Os-7]34567([N+]8=CC=C(N(C)C)C=C8)(<-[C+](C)([C+]3[C+]14)[C+]5[C+]26)[C]1=CC(C=O)=CC=C1C1=CC=CC=[N+]17	native	1
CC(C)[C+]12->[Os-7]34567([Cl])(<-[C+](C)([C+]3[C+]14)[C+]5[C+]26)[O+]=P(C1=CC=CC=C1)(C1=CC=CC=C1)C1=CC=C2C=CC=CC2=C1C1=C(C=CC2=CC=CC=C21)[P+]7(C1=CC=CC=C1)C1=CC=CC=C1	embed-grip	16
S=P([CH2][Hg][CH2]P(=S)(C1=CC=CC=C1)C1=CC=CC=C1)(C1=CC=CC=C1)C1=CC=CC=C1	embed-grip	16
C[P+]1(C)CCC[P+]2(C)CCC[P+](C)(C)[Mo-4]12([Cl])([Cl])[P+](C)(C)C1=CC=CC=C1	embed-grip	16
CC(C)[P+]1(C(C)C)CC[P+](C(C)C)(C(C)C)[Ir-3]12[P+](C(C)C)(C(C)C)CC[P+]2(C(C)C)C(C)C	embed-failed	0
N#[C][Au-]([Br])([Br])[C]#N	embed-grip	16
CC(C)[P+]1(C(C)C)CC[C+]23->[Rh-8]145678(<-[C+]1=[C+]->4CCCCCC1)[C+]([C+]5[C+]26)[C+]7[C+]38	embed-failed	0
CC(C)[P+]1(C(C)C)C2=CC=CC3=CC=C[C](=C32)[Au-]1([CH3])[I]	embed-grip	16
C[N+]12CCC[N]([Si](C)(C)C)[Zr-]1([CH2]C1=CC=CC=C1)([CH2]C1=CC=CC=C1)[N]([Si](C)(C)C)CCC2	embed-grip	16
OCCC[N+]1=CC2=CC=CC=[C]2[Hg-]1[Br]	embed-grip	16
C[P+](C)(C)[V]([Cl])([N-]C1=CC=CC=C1)([N-]C1=CC=CC=C1)[P+](C)(C)C	native	14
[Cl][Hf-2]123([Cl])[N]4CCCC[N+]1=C1C=CC=CC=C1[N]2CCCC[N+]3=C1C=CC=CC=C14	embed-grip	16
CC(C)(C)N1CC[N]2C1=[O+][Ta-]2([Cl])([CH2][Si](C)(C)C)([CH2][Si](C)(C)C)[CH2][Si](C)(C)C	embed-grip	16
[O+]#[C][Cr-5]([C]#[O+])([C]#[O+])([C]#[O+])([C]#[O+])[Te][Te-][Te-]	embed-failed	0
CC1(P(=O)([O-])O)[NH2+][Pd-2]2([NH2+]C(C)(P(=O)(O)O)P(=O)(O)[O]2)[O]P1(=O)O	embed-grip	16
N#[C][W-2]([O-])([C]#N)([C]#N)([C]#N)[N+]1=CC=NC=C1	embed-grip	16
CC[CH2][Ta]([C]1=C(C2=CC=C(C)C=C2)C=CC=C1C1=CC=C(C)C=C1)([N](C)C)([N](C)C)[N](C)C	native	1
ClC1=CC=C([OH+][Fe-4]([Br])([Br])([OH+]C2=CC=C(Cl)C=N2)([OH+]C2=CC=C(Cl)C=N2)[OH+]C2=CC=C(Cl)C=N2)N=C1	native	2
C[P](C)(C)[Pd]([S]C1=NN=NN1C1=CC=CC=C1)([S]C1=NN=NN1C1=CC=CC=C1)[P](C)(C)C	native	1
[O-][Os-2]12([Cl])([P+](C3CCCCC3)(C3CCCCC3)CC[P+]1(C1CCCCC1)C1CCCCC1)[P+](C1CCCCC1)(C1CCCCC1)CC[P+]2(C1CCCCC1)C1CCCCC1	embed-failed	0
CC1=C2[O][Cu-2]3([O]C4=C(C)OC=CC4=[Se+]3)[Se+]=C2C=CO1	embed-grip	16
CCC(=O)[O][V-6]12([C]#[O+])([C]#[O+])([P+](C)(C)CC[P+]1(C)C)[P+](C)(C)CC[P+]2(C)C	embed-grip	16
[O+]#[C][Re-5]([Cl])([C]#[O+])([C]#[O+])([S+]=C1NC2=CC=CC=C2N1)[S+]=C1NC2=CC=CC=C2N1	embed-grip	16
C[Te+]1CC2(C)C[Te+](C)[Rh-6]1345(<-[C+]1=[C+]->3CC[C+]->4=[C+]->5CC1)[Te+](C)C2	embed-grip	16
NC1=CC=[N+](C2OC(CO)C(O)C2O)C(=O)[N]1[Pd-2]12[NH2+]CC(=O)[N]1C(CC1=CC=C(O)C=C1)C(=O)[O]2	embed-grip	16
COC1=CC=[N+]2C(=C1)C1=CC(OC)=CC=[N+]1[Ni-4]2([OH2+])([OH2+])([Cl])[Cl]	embed-grip	16
[O+]#[C][W-6]([C]#[O+])([C]#[O+])([C]#[O+])([C]#[O+])[P+]1(C2=CC=CC=C2)C2=CC=CC=C2C2CC3CCC2C31	embed-grip	16
[O+]#[C][Re-5]1([C]#[O+])([P+](C2=CC=CC=C2)(C2=CC=CC=C2)C2=CC=CC=C2)([P+](C2=CC=CC=C2)(C2=CC=CC=C2)C2=CC=CC=C2)[N](C2=CC=CC=C2)C=[N+]1C1=CC=CC=C1	embed-grip	16
CC1=CC(C)=CC([N+]2=NC3=CC(C)=CC(C)=[C]3[Pd-]23[NH][S]=N[S]3)=C1	embed-grip	16
O=P1(O)CC(O)=[O+][Mn-4]2([OH2+])([OH2+])([O]1)[O]P(=O)(O)CC(O)=[O+]2	embed-grip	16
CC(C)C1=CC=CC(C(C)C)=C1[N]1C=C[N](C2=C(C(C)C)C=CC=C2C(C)C)[Ta+]1([Br])([Br])([Br])[Br]	embed-grip	16
C[N+]1(C)CC[N+](C)(C)[Pd-2]1([S]C1=C(F)C(F)=CC(F)=C1F)[S]C1=C(F)C(F)=CC(F)=C1F	embed-grip	16
N#CC1=C(C#N)[S+]2CC[O+]3CCOCC[S+]1[Ag-5]3214[O+]2CCOCC[S+]1C(C#N)=C(C#N)[S+]4CC2	embed-grip	16
CC(C)(C)[S+]1CC2=CC=CC3=[N+]2[Rh-3]1([C]#[O+])[S+](C(C)(C)C)C3	embed-grip	16
CC1=NNC2=[S+][Cd-4]3([OH2+])([OH2+])([NH2+]N12)[NH2+]N1C(C)=NNC1=[S+]3	embed-grip	4
CC(C)C1=CC=CC(C(C)C)=C1N1C=CN(C2=C(C(C)C)C=CC=C2C(C)C)[C+]1[Au-][O]S(=O)(=O)CC12CCC(CC1=O)C2(C)C	embed-grip	16
CP(C)C[Si](C)(C)[N]1[Si](C)(C)C[P+](C)(C)[Zr-2]12([Cl])([Cl])[N]([Si](C)(C)CP(C)C)[Si](C)(C)C[P+]2(C)C	embed-grip	16
[CH3][Au-]1([CH3])[S]C(=NC2CCCCC2)[P+]1(C1CCCCC1)C1CCCCC1	embed-grip	16
CC(C)C1=CC=CC(C(C)C)=C1N1C=CN(C2=C(C(C)C)C=CC=C2C(C)C)[C+]1[OsH+]([Cl])([C-2]C1=CC=CC=C1)[P+](C(C)C)(C(C)C)C(C)C	embed-grip	16
CCN(CC)C1=[S+][Nb-2]2([Cl])([Cl])([Cl])([S]1)[S]C(N(CC)CC)=[S+]2	embed-grip	16
CC1=CC=[N+]([Ru-3]23([N+]4=CC=C(C)C=C4)([N+]4=CC=C(C)C=C4)[O]C(=O)C4=CC=CC=C4[N]2C2=CC=CC=C2C(=O)[O]3)C=C1	embed-grip	16
C(#[C][Pt-2]([C]#CC1=CC=CC=N1)([P+]12CN3CN(CN(C3)C1)C2)[P+]12CN3CN(CN(C3)C1)C2)C1=CC=CC=N1	embed-grip	16
CC(C)(C)C12[Se]P3C4(C(C)(C)C)P1[Se][Pt-2]1([Cl])([Cl])([P+](C)(C)C)[Se]P2C3(C(C)(C)C)[Se+]41	embed-grip	16
CCN1C(C)=C(C)N(CC)[C+]1[Re-]([O-])([Cl])([C+]1N(CC)C(C)=C(C)N1CC)([C+]1N(CC)C(C)=C(C)N1CC)[C+]1N(CC)C(C)=C(C)N1CC	embed-grip	16
CC(C)C1=CC=CC(C(C)C)=C1[N]1C2=CC=CC=C2[N](C2=C(C(C)C)C=CC=C2C(C)C)[Ta]1([CH3])([CH3])[CH3]	embed-grip	16
CC(C)[C+]12->[Ru-7]345678(<-[C+](C)([C+]3[C+]14)[C+]5[C+]26)[NH2+]C(C1=CC=CC=C1)C(C1=CC=CC=C1)[N]7S(=O)(=O)C1=C(F)C(F)=C(F)C(F)=C1[O]8	embed-grip	16
CC(C)C1=CC=CC(C(C)C)=C1N1C=CN(C2=C(C(C)C)C=CC=C2C(C)C)[C+]1[Au-]([Cl])([Cl])[N+]1=CC=CC=C1	embed-grip	16
CC1=CC(C)=[N+](C2=C(C(C)C)C=CC=C2C(C)C)[V-6]23456(<-[C+]7([B-](C8=CC=CC=C8)(C8=CC=CC=C8)C8=CC=CC=C8)[C+]2[C+]3[C+]4[C+]5[C+]76)[N]1C1=C(C(C)C)C=CC=C1C(C)C	embed-grip	16
CC1=CC=C[C+]2[C+]1[Ag-2]2[P+](C1=CC=CC=C1C1=CC=CC=C1)(C(C)(C)C)C(C)(C)C	embed-grip	16
CC(C)[Si]1(C(C)C)[Cl+][IrH-3]23([CH]1C1=CC=CC=C1[P+]2(C1=CC=CC=C1)C1=CC=CC=C1)[Si](C(C)C)(C(C)C)CC1=CC=CC=C1[P+]3(C1=CC=CC=C1)C1=CC=CC=C1	embed-grip	7
CN1CCN2CCN(C)[P+]1([Hg-2]([Cl])([Cl])[P+]13N(C)CCN(CCN1C)CCN3C)N(C)CC2	embed-grip	16
C[Si](C1=CC=CC=C1)(C1=CC=CC=C1)[N]([Cr][N]([Si](C)(C1=CC=CC=C1)C1=CC=CC=C1)[Si](C)(C1=CC=CC=C1)C1=CC=CC=C1)[Si](C)(C1=CC=CC=C1)C1=CC=CC=C1	embed-grip	16
CC(C)C1=CC=CC(C(C)C)=C1N1C=CN(C2=C(C(C)C)C=CC=C2C(C)C)[C+]1[FeH-4]([C]#[O+])([C]#[O+])([C]#[O+])[Si](C)(C1=CC=CC=C1)C1=CC=CC=C1	embed-grip	16
[O+]#[C][RuH-4]12([P+](C3=CC=CC=C3)(C3=CC=CC=C3)C3=CC=CC=C3)[N]3C(=CC=CC3=N[P+]1(C1=CC=CC=C1)C1=CC=CC=C1)N[P+]2(C1=CC=CC=C1)C1=CC=CC=C1	embed-grip	16
CC(C)C1=CC=CC(C(C)C)=C1N1C=CN(C2=C(C(C)C)C=CC=C2C(C)C)[C+]1[Pt-2]([CH3])([CH3])[S+](C)C	embed-grip	16
C[P+](C)(C)[FeH-4]12([P+](C)(C)C)[N]3C(=CC=C3C[P+]1(C1CCCCC1)C1CCCCC1)C[P+]2(C1CCCCC1)C1CCCCC1	embed-grip	16
C1=CC=C([P+]2(C3=CC=CC=C3)CC[P+](C3=CC=CC=C3)(C3=CC=CC=C3)[PtH-2]2[Se]C23C4=CC=CC=C4C(C4=CC=CC=C42)C2=CC=CC=C23)C=C1	embed-grip	16
C[N](C)[Ta]1([N](C)C)([N](C)C)[N](C2CCCCC2)C(=NC2CCCCC2)[N]1C1CCCCC1	embed-grip	16
CC1=CC(C)=[N+](C2=C(C(C)C)C=CC=C2C(C)C)[Sc-3]23([NH]C4=C(C(C)C)C=CC=C4C(C)C)([S]C=[N+]2C2=CC=CC=C2)[N]1CC[N+]3(C)C	embed-grip	16
[Cl][IrH2-3]12[P+](C3=CC=CC=C3)(CCC[P+]1(C1CCCCC1)C1CCCCC1)CCC[P+]2(C1CCCCC1)C1CCCCC1	embed-grip	16
CC(C)(C)C1=CC=CC(C(C)(C)C)=C1[O][Sc-]1([O]C2=C(C(C)(C)C)C=CC=C2C(C)(C)C)[S+]=P(C2=CC=CC=C2)(C2=CC=CC=C2)[N]1C(C)(C)C	embed-grip	16
CC1=CC=CC=C1[P+](C1CCCCC1)(C1CCCCC1)[Rh-4]1([C]#[O+])[O+]=C(C)CC(C)=[O+]1	embed-grip	16
CC(C)C1=CC=CC(C(C)C)=C1N1C=CN(C2=C(C(C)C)C=CC=C2C(C)C)C1=[N][Sc-9]1234567(<-[C+]8=[C+]->1[C+]->2=[C+]->3[C+]->4=[C+]->5[C+]->6=[C+]->78)[O+]1CCCC1	embed-grip	16
CC(C)C1=CC=CC(C(C)C)=C1N1[C]([Cu][I-])=C[N+](C2=C(C(C)C)C=CC=C2C(C)C)=C1C1=CC=CC=C1	embed-grip	16
[O+]#[C][Ni-3]([P+](C1CCCCC1)(C1CCCCC1)C1CCCCC1)[P+](C1CCCCC1)(C1CCCCC1)C1CCCCC1	embed-grip	16
CC1=CC(C)=C(N2C=CN(C3=C(C)C=C(C)C=C3C)[C+]2[IrH-3]2([Cl])([P+](C)(C)C)[CH2]C3=CC(C)=CC(C)=C3N3C=CN(C4=C(C)C=C(C)C=C4C)[C+]32)C(C)=C1	embed-grip	16
CCCC[N+]12CCCC1C[N+]1(CC3=CC=CC=C3)CC3=CC(Cl)=CC(Cl)=C3[O][Zr-2]12[N]([Si](C)(C)C)[Si](C)(C)C	embed-grip	16
CC1(C)CCC(C)(C)C2=N[N+]3=C(N=C21)C1=CC=C2C=CC4=CC=C5C6=NC7=C(N=[N+]6[Y-7]3689%10([O][N+](=O)[O]6)([O][N+](=O)[O]8)([O][N+](=O)[O]9)[N+]5=C4C2=[N+]1%10)C(C)(C)CCC7(C)C	embed-grip	16
CC[N](CC)[Hf-]1([O]C2=C(C(C)(C)C)C=CC=C2C(C)(C)C)([N](CC)CC)[N]2C(CN(C)C)=CC=C2C[N+]1(C)C	embed-grip	16
OCC1OC2C([OH+][Ni-4]3456[NH2+]CC[N+]3(CC[NH+]24)CC[NH+]5C2OC(CO)C(O)C(O)C2[OH+]6)C(O)C1O	embed-grip	16
CC1=CC(C)=C2[O][WH2-4]3([P+](C)(C)C)([P+](C)(C)C)([P+](C)(C)C)[H+]C(C2=C1)C1=CC(C)=CC(C)=C1[O]3	native	43
CC[B-]12[H+][Y-10]3456789([O+]%10CCCC%10)(<-[C+]1(C)[H+]3)(<-[C+]2(C)[H+]4)(<-[C+](C)([H+]5)[B-](CC)([H+]6)[C+]->7(C)[H+]8)[N](C(C)C)C(N([Si](C)(C)C)[Si](C)(C)C)=[N+]9C(C)C	embed-grip	16
CC1=C(C)N(C(C)C)[C+]([Ni-2]([CH2][Si](C)(C)C)([CH2][Si](C)(C)C)[C+]2N(C(C)C)C(C)=C(C)N2C(C)C)N1C(C)C	embed-grip	16
CC(C)(C)C1=CC=CC(C(C)(C)C)=C1[O][Ta+]([CH-][Si](C)(C)C)([CH2][Si](C)(C)C)[O]C1=C(C(C)(C)C)C=CC=C1C(C)(C)C	embed-grip	16
[O][N+]1=C(C2=CC=CC=C2Cl)C2=CC(Cl)=CC=C2[N]2C(=[O+][Tc-6]2([C]#[O+])([C]#[O+])([P+](C2=CC=CC=C2)(C2=CC=CC=C2)C2=CC=CC=C2)[P+](C2=CC=CC=C2)(C2=CC=CC=C2)C2=CC=CC=C2)C1	embed-grip	16
CC#[N+][Y-5]12([I])([I])([I])([P+](C)(C)C3=CC=CC=C3[P+]1(C)C)[P+](C)(C)C1=CC=CC=C1[P+]2(C)C	embed-grip	16
CC(C)C1=CC=CC(C(C)C)=C1[N-][Cr+2]([CH-]C(C)(C)C)([N-]C1=C(C(C)C)C=CC=C1C(C)C)[P+](C1=CC=CC=C1)(C1=CC=CC=C1)C1=CC=CC=C1	embed-grip	16
CC(C)[P+]1(C(C)C)C2=CC=CC=C2C2=CC=C3C4=CC=CC=C4[P+](C(C)C)(C(C)C)[Mo-4]145([Cl])([C]#[O+])([CH-][C]4=O)[C+]2[C+]35	embed-grip	16
CC1=CC(C)=C(N2C=CN(C3CCCCC3)[C+]2[CoH-2]([C+]2N(C3=C(C)C=C(C)C=C3C)C=CN2C2CCCCC2)[SiH](C2=CC=CC=C2)C2=CC=CC=C2)C(C)=C1	embed-grip	16
CC(C)C1=CC=CC(C(C)C)=C1[N]([Cr]([I])[N](C1=C(C(C)C)C=CC=C1C(C)C)[Si](C(C)C)(C(C)C)C(C)C)[Si](C(C)C)(C(C)C)C(C)C	embed-grip	16
C1=CC=C([P+]2(C3=CC=CC=C3)C3=CC=CC4=C3C3(CCC5=CC=CC(=C53)[NH2+][IrH2-3]23[NH2+]C2=CC=CC5=C2C2(CCC6=CC=CC(=C62)[P+]3(C2=CC=CC=C2)C2=CC=CC=C2)CC5)CC4)C=C1	embed-grip	16
CCN1C(=O)N(CC)[P+](C2=CC=CC=C2)([RhH-4]([C]#[O+])([P+]2(C3=CC=CC=C3)N(CC)C(=O)N(CC)C(=O)N2CC)[P+]2(C3=CC=CC=C3)N(CC)C(=O)N(CC)C(=O)N2CC)N(CC)C1=O	embed-grip	15
CP(C)(C)=[O+][W+]([O-])([N-]C1=CC=CC=C1)([O]C1=C(C2=CC=CC=C2)C(C2=CC=CC=C2)=CC(C2=CC=CC=C2)=C1C1=CC=CC=C1)[O]C1=C(C2=CC=CC=C2)C(C2=CC=CC=C2)=CC(C2=CC=CC=C2)=C1C1=CC=CC=C1	embed-grip	16
CC(C)[C+]12->[Ru-6]34567(<-[C+](C)([C+]3[C+]14)[C+]5[C+]26)[C-](P(=NP(=O)(OC1=CC=CC=C1)OC1=CC=CC=C1)(C1=CC=CC=C1)C1=CC=CC=C1)P(C1=CC=CC=C1)(C1=CC=CC=C1)=[N+]7P(=O)(OC1=CC=CC=C1)OC1=CC=CC=C1	embed-grip	16
COCCN1C(C)=C(C)N(CCOC)[C+]1[RuH-3]([Cl])([C+]1N(C2=C(C)C=C(C)C=C2C)CCN1C1=C(C)C=C(C)C=C1C)[P+](C1=CC=CC=C1)(C1=CC=CC=C1)C1=CC=CC=C1	embed-grip	16
CC1=CC(C)=[N+](C2=C(C(C)C)C=CC=C2C(C)C)[V-7]23456(<-[C+]7(C8=CC=CC=C8)[C+]2[C+]->3(C2=CC=CC=C2)[C+]4[C+]->5(C2=CC=CC=C2)[C+]76)[N]1C1=C(C(C)C)C=CC=C1C(C)C	embed-grip	16
CC(C)(C)C1=CC2=C(S)C(=C1)SC1=C3[S][WH2]4([P](C)(C)C)([P](C)(C)C)([P](C)(C)C)[S]C5=C(C=C(C(C)(C)C)C=C5SC5=C(S)C(=CC(C(C)(C)C)=C5)S2)[S]4C3=CC(C(C)(C)C)=C1	embed-grip	16
CC1=CC(C)=C(C2=CC=CC=C2)C([O][Zr-5]23456([CH2]C7=CC=CC=C7)([O]C7=C(C8=CC=CC=C8)C(C)=CC(C)=C7C7=CC=CC=C7)<-[C+]7(C[B-](C8=C(F)C(F)=C(F)C(F)=C8F)(C8=C(F)C(F)=C(F)C(F)=C8F)C8=C(F)C(F)=C(F)C(F)=C8F)[C+]2[C+]3[C+]4[C+]5[C+]76)=C1C1=CC=CC=C1	embed-grip	10
[Cl][Os-]123([P+](C4=CC=CC=C4)(C4=CC=CC=C4)C4=CC=CC=C4)([P+](C4=CC=CC=C4)(C4=CC=CC=C4)C4=CC=CC=C4)[CH]=C([P+](C4=CC=CC=C4)(C4=CC=CC=C4)C4=CC=CC=C4)C=[C]1C=C[C-]2[CH]3C1CCCCC1	embed-grip	14
O=S(=O)([O][IrH2-3]([Cl+]CCl)([P+](C1=CC=CC=C1)(C1=CC=CC=C1)C1C2=CC=CC=C2CC(C2=CC=CC=C2)C2=CC=CC=C21)[P+](C1=CC=CC=C1)(C1=CC=CC=C1)C1C2=CC=CC=C2CC(C2=CC=CC=C2)C2=CC=CC=C21)C(F)(F)F	embed-grip	16
CC(C)C1=CC=CC(C(C)C)=C1[N]1C2=CC=CC=[N+]2[Ti-2]123([O]C(C)(C)C([Si](C)(C)C)=[C]2[Si](C)(C)C)[N](C1=C(C(C)C)C=CC=C1C(C)C)C1=CC=CC=[N+]13	embed-grip	16
CC(C)(C)C1=CC2=C3C=C(C(C)(C)C)C=C[N]3[Ir]3([B]4OC(C)(C)C(C)(C)O4)([B]4OC(C)(C)C(C)(C)O4)([B]4OC(C)(C)C(C)(C)O4)([C]4=[C]3CCCCCC4)[N]2C=C1	embed-grip	13
C[P](C)(C)[W]123([P](C)(C)C)([P](C)(C)C)([CH]=[C]1C1=CC=CC=C1[S]2)[CH2][P]3(C)C	embed-grip	16
CC1=CC(C)=C(C2=CC(C(C)(C)C)=CC3=C2[S][Pd+]24([P](C5CCCCC5)(C5CCCCC5)C5CCCCC5)[S]C5=C(C=C(C(C)(C)C)C=C5C5=C(C)C=C(C)C=C5C)C5=CC=C3[C]2=[C]54)C(C)=C1	embed-grip	16
